-- Adminer 4.2.0 MySQL dump

SET NAMES utf8mb4;
SET time_zone = '+00:00';
SET foreign_key_checks = 0;
SET sql_mode = 'NO_AUTO_VALUE_ON_ZERO';

DROP TABLE IF EXISTS `announcements`;
CREATE TABLE `announcements` (
  `announcement_id` int(11) NOT NULL AUTO_INCREMENT,
  `announcement_from` varchar(45) DEFAULT NULL,
  `announcement_datetime` datetime DEFAULT NULL,
  `announcement_text` varchar(2000) DEFAULT NULL,
  `announcementscol` varchar(45) DEFAULT NULL,
  `announce_to_user` int(11) DEFAULT NULL,
  `read_status` int(11) DEFAULT NULL,
  PRIMARY KEY (`announcement_id`)
) ENGINE=InnoDB DEFAULT CHARSET=latin1;


DROP TABLE IF EXISTS `borrowers`;
CREATE TABLE `borrowers` (
  `borrower_id` int(11) NOT NULL AUTO_INCREMENT,
  `user_id` int(11) NOT NULL,
  `business_name` varchar(60) DEFAULT NULL,
  `business_organisation` varchar(100) DEFAULT NULL,
  `bo_id` int(11) DEFAULT NULL,
  `industry` varchar(50) DEFAULT NULL,
  `date_of_incorporation` date DEFAULT NULL,
  `business_registration_number` varchar(100) DEFAULT NULL,
  `contact_person` varchar(100) DEFAULT NULL,
  `contact_person_email` varchar(255) DEFAULT NULL,
  `contact_person_mobile` varchar(45) DEFAULT NULL,
  `paid_up_capital` decimal(20,8) DEFAULT NULL,
  `paid_up_capital_currency` varchar(4) DEFAULT NULL,
  `number_of_employees` int(11) DEFAULT NULL,
  `operation_since` date DEFAULT NULL,
  `risk_industry` varchar(2000) DEFAULT NULL,
  `risk_strength` varchar(2000) DEFAULT NULL,
  `risk_weakness` varchar(2000) DEFAULT NULL,
  `borrower_risk_grade` varchar(1) DEFAULT NULL,
  `registered_address` varchar(1000) DEFAULT NULL,
  `mailing_address` varchar(1000) DEFAULT NULL,
  `company_profile` varchar(2000) DEFAULT NULL,
  `company_aboutus` varchar(2000) DEFAULT NULL,
  `oAuthType` varchar(45) DEFAULT NULL,
  `oAuth_login_id` varchar(255) DEFAULT NULL,
  `comments` longtext,
  `status` int(11) DEFAULT NULL COMMENT '1 - New Profile2 - For Approval3 - Corrections Required4 - Verified',
  `company_image` varchar(255) DEFAULT NULL,
  `company_image_thumbnail` varchar(255) DEFAULT NULL,
  `company_video_url` varchar(255) DEFAULT NULL,
  PRIMARY KEY (`borrower_id`,`user_id`),
  KEY `fk_borrowers_users_idx` (`user_id`),
  CONSTRAINT `fk_borrowers_users` FOREIGN KEY (`user_id`) REFERENCES `users` (`user_id`) ON DELETE NO ACTION ON UPDATE NO ACTION
) ENGINE=InnoDB DEFAULT CHARSET=latin1;

INSERT INTO `borrowers` (`borrower_id`, `user_id`, `business_name`, `business_organisation`, `bo_id`, `industry`, `date_of_incorporation`, `business_registration_number`, `contact_person`, `contact_person_email`, `contact_person_mobile`, `paid_up_capital`, `paid_up_capital_currency`, `number_of_employees`, `operation_since`, `risk_industry`, `risk_strength`, `risk_weakness`, `borrower_risk_grade`, `registered_address`, `mailing_address`, `company_profile`, `company_aboutus`, `oAuthType`, `oAuth_login_id`, `comments`, `status`, `company_image`, `company_image_thumbnail`, `company_video_url`) VALUES
(1,	1,	'Abterra Ltd',	'Private Limited',	3,	'Food Industry',	'2015-05-31',	'123456789',	'B1',	'B1@example.com',	'5621110504',	904681.00000000,	'SGD',	38,	'2015-06-15',	'Lorem ipsum dolor sit amet, eos zril noster appareat et. Eum et hinc aeterno tritani, per id lorem copiosae',	'Sed mollis alterum interesset eu, facer scripserit theophrastus quo eu, eum civibus deleniti at',	'Lorem ipsum dolor sit amet, eos zril noster appareat et. Eum et hinc aeterno tritani, per id lorem copiosae',	'A',	'100, East Coast Road',	NULL,	'Borrower mainly conducts Visual Arts enrichment programs for playgroups, nurseries and kindergartens. Business model has changed since 2010 it started 				out as a retail outlet selling children art and craft products like Modeling Clay. The retail outlet has since closed and moved toconducting enrichment programs in childcare centre with their own teachers but since early 2015, company started to use.freelance teachers paid hourly to reduce cost.',	'Abterra Ltd is Food Industry Private Limited.',	NULL,	NULL,	'Some information not properly given please correct it send back',	1,	'uploads/borrower/1/profile/image/medium_image89.jpg',	'uploads/borrower/1/profile/image/medium_image89.jpg',	' '),
(2,	3,	'Ace Achieve Infocom Limited',	'Limited Liability Partnership',	4,	'Automobile',	'2004-11-18',	'98099',	'B2',	'B2@example.com',	'3364887503',	883328.00000000,	'SGD',	82,	'2004-11-18',	NULL,	NULL,	NULL,	'B',	'101, East Coast Road',	NULL,	NULL,	NULL,	NULL,	NULL,	NULL,	2,	'uploads/borrower/2/profile/image/profile2.jpg',	'uploads/borrower/2/profile/image/profile2.jpg',	' '),
(3,	4,	'Action Asia Limited',	'Limited Partnership',	5,	'Retail',	'2015-02-12',	'23902',	'B3',	'B3@example.com',	'1942577973',	110206.00000000,	'SGD',	30,	'2012-02-15',	NULL,	NULL,	NULL,	'C',	'102, East Coast Road',	NULL,	NULL,	NULL,	NULL,	NULL,	NULL,	4,	'uploads/borrower/3/profile/image/profile3.jpg',	'uploads/borrower/3/profile/image/profile3.jpg',	' '),
(4,	5,	'Chin Peng Eating House',	'Limited Liability Corporation',	6,	'Business Services',	'2015-03-12',	'23902',	'B4',	'B4@example.com',	'1134251215',	704155.00000000,	'SGD',	31,	'2012-03-15',	NULL,	NULL,	NULL,	'D',	'103, East Coast Road',	NULL,	NULL,	NULL,	NULL,	NULL,	NULL,	2,	'uploads/borrower/4/profile/image/profile4.jpg',	'uploads/borrower/4/profile/image/profile4.jpg',	' '),
(5,	6,	'MV Nautica Pte. Ltd.',	'Limited Liability Corporation',	6,	'Consumer Services',	'2015-04-12',	'23902',	'B5',	'B5@example.com',	'3419460223',	197667.00000000,	'SGD',	95,	'2012-04-15',	NULL,	NULL,	NULL,	'E',	'104, East Coast Road',	NULL,	NULL,	NULL,	NULL,	NULL,	NULL,	2,	'uploads/borrower/5/profile/image/profile5.jpg',	'uploads/borrower/5/profile/image/profile5.jpg',	' '),
(6,	7,	'eSoft Technologies Limited',	'Limited Liability Corporation',	6,	'Manufacturing',	'2015-05-12',	'23902',	'B6',	'B6@example.com',	'7180207773',	52311.00000000,	'SGD',	72,	'2012-05-15',	NULL,	NULL,	NULL,	'A',	'105, East Coast Road',	NULL,	NULL,	NULL,	NULL,	NULL,	NULL,	2,	'uploads/borrower/6/profile/image/profile6.jpg',	'uploads/borrower/6/profile/image/profile6.jpg',	' '),
(7,	8,	'Kian Wah Contract Pte Ltd',	'Private Limited',	3,	'Engineering',	'2015-06-12',	'23902',	'B7',	'B7@example.com',	'7172564633',	137081.00000000,	'SGD',	73,	'2012-06-15',	NULL,	NULL,	NULL,	'B',	'106, East Coast Road',	NULL,	NULL,	NULL,	NULL,	NULL,	NULL,	2,	'uploads/borrower/7/profile/image/profile7.jpg',	'uploads/borrower/7/profile/image/profile7.jpg',	' '),
(8,	9,	'eStyle Limited ',	'Limited Liability Corporation',	6,	'Hospitality',	'2015-07-12',	'23902',	'B8',	'B8@example.com',	'548376376',	745665.00000000,	'SGD',	15,	'2012-07-15',	NULL,	NULL,	NULL,	'C',	'107, East Coast Road',	NULL,	NULL,	NULL,	NULL,	NULL,	NULL,	2,	'uploads/borrower/8/profile/image/profile8.jpg',	'uploads/borrower/8/profile/image/profile8.jpg',	' '),
(9,	10,	'eRights Limited',	'Limited Liability Corporation',	6,	'Holiday & Tourism',	'2015-08-12',	'23902',	'B9',	'B9@example.com',	'9541380055',	820934.00000000,	'SGD',	40,	'2012-08-15',	NULL,	NULL,	NULL,	'D',	'108, East Coast Road',	NULL,	NULL,	NULL,	NULL,	NULL,	NULL,	2,	'uploads/borrower/9/profile/image/profile9.png',	'uploads/borrower/9/profile/image/profile9.png',	' '),
(10,	11,	'Advanced Holdings',	'Sole proprietorship',	1,	'Marketing ',	'2015-09-12',	'23902',	'B10',	'B10@example.com',	'925449538',	168014.00000000,	'SGD',	58,	'2012-09-15',	NULL,	NULL,	NULL,	'E',	'109, East Coast Road',	NULL,	NULL,	NULL,	NULL,	NULL,	NULL,	2,	'uploads/borrower/10/profile/image/profile10.jpg',	'uploads/borrower/10/profile/image/profile10.jpg',	' '),
(11,	12,	'Armstrong Industrial',	'Sole proprietorship',	1,	'Transport Industry',	'2015-10-12',	'23902',	'B11',	'B11@example.com',	'9372618531',	911863.00000000,	'SGD',	12,	'2012-10-15',	NULL,	NULL,	NULL,	'A',	'110, East Coast Road',	NULL,	NULL,	NULL,	NULL,	NULL,	NULL,	2,	'uploads/borrower/11/profile/image/profile11.png',	'uploads/borrower/11/profile/image/profile11.png',	' '),
(12,	13,	'Asia Food & Properties',	'Private Limited',	3,	'Food Industry',	'2015-11-12',	'23902',	'B12',	'B12@example.com',	'5345196609',	121091.00000000,	'SGD',	27,	'2012-11-15',	NULL,	NULL,	NULL,	'B',	'111, East Coast Road',	NULL,	NULL,	NULL,	NULL,	NULL,	NULL,	2,	'uploads/borrower/12/profile/image/profile12.jpg',	'uploads/borrower/12/profile/image/profile12.jpg',	' '),
(13,	14,	'Bombay Rayon Fashions Ltd',	'Limited Partnership',	5,	'Automobile',	'2015-12-12',	'23902',	'B13',	'B13@example.com',	'7492378100',	521207.00000000,	'SGD',	38,	'2012-12-15',	NULL,	NULL,	NULL,	'C',	'112, East Coast Road',	NULL,	NULL,	NULL,	NULL,	NULL,	NULL,	2,	'uploads/borrower/13/profile/image/profile13.jpg',	'uploads/borrower/13/profile/image/profile13.jpg',	' '),
(14,	15,	'Bright World Limited',	'Limited Liability Corporation',	6,	'Retail',	'2015-01-13',	'23902',	'B14',	'B14@example.com',	'4411684925',	174437.00000000,	'SGD',	12,	'2013-01-15',	NULL,	NULL,	NULL,	'D',	'113, East Coast Road',	NULL,	NULL,	NULL,	NULL,	NULL,	NULL,	2,	'uploads/borrower/14/profile/image/profile14.jpg',	'uploads/borrower/14/profile/image/profile14.jpg',	' '),
(15,	16,	'CapitaRetail China Trust',	'Partnership',	2,	'Manufacturing',	'2015-02-13',	'23902',	'B15',	'B15@example.com',	'6920891515',	607350.00000000,	'SGD',	65,	'2013-02-15',	NULL,	NULL,	NULL,	'E',	'114, East Coast Road',	NULL,	NULL,	NULL,	NULL,	NULL,	NULL,	2,	'uploads/borrower/15/profile/image/profile15.jpg',	'uploads/borrower/15/profile/image/profile15.jpg',	' '),
(16,	32,	'Open IT Works',	NULL,	2,	'Food Industry',	'2015-08-13',	'A2341234124',	'Venkatanarayanan',	NULL,	'09940066327',	50000.00000000,	NULL,	12,	'2015-06-01',	'sdfasdfsdaf\r\nasdfsdaf\r\nsadfsdaf\r\nsadfsdaf\r\nsadfasdf\r\n',	'sadfasdfdsaf\r\nsadfsadf\r\nasdfsdaf\r\nasdfsda\r\nfsdaf',	'sdfasdfsdaf\r\nasdfsdaf\r\nsadfsdaf\r\nsadfsdaf\r\nsadfasdf\r\n',	NULL,	'D8, Prime Terrace, 150 LB Road, Thiruvanmiyur, Chennai 600041',	'D8, Prime Terrace, 150 LB Road, Thiruvanmiyur, Chennai 600041',	'sadfsdafsdafsdafsdafasdf',	'sadfasdfsdafsadfsdafsda',	NULL,	NULL,	NULL,	1,	'uploads/borrower/0/profile/image/openitworks.png',	'uploads/borrower/0/profile/thumbnail/openitworks.png',	NULL);

DROP TABLE IF EXISTS `borrower_banks`;
CREATE TABLE `borrower_banks` (
  `borrower_bankid` int(11) NOT NULL AUTO_INCREMENT,
  `borrower_id` int(11) NOT NULL,
  `bank_code` varchar(45) NOT NULL,
  `bank_name` varchar(100) NOT NULL,
  `branch_code` varchar(100) NOT NULL,
  `bank_account_number` varchar(100) DEFAULT NULL,
  `verified_status` int(11) NOT NULL COMMENT '1 -> Not verified2 -> Verified',
  `active_status` int(11) NOT NULL COMMENT '1 -> Active2 -> Inactive',
  PRIMARY KEY (`borrower_bankid`),
  KEY `fk_borrower_banks_borrowers1_idx` (`borrower_id`),
  CONSTRAINT `fk_borrower_banks_borrowers1` FOREIGN KEY (`borrower_id`) REFERENCES `borrowers` (`borrower_id`) ON DELETE NO ACTION ON UPDATE NO ACTION
) ENGINE=InnoDB DEFAULT CHARSET=latin1;

INSERT INTO `borrower_banks` (`borrower_bankid`, `borrower_id`, `bank_code`, `bank_name`, `branch_code`, `bank_account_number`, `verified_status`, `active_status`) VALUES
(1,	1,	'SBIC',	'SBI Singapore',	'636',	'5908977216',	1,	1),
(2,	2,	'CIMB',	'CIMB Bank ',	'139',	'2750249740',	1,	1),
(3,	3,	'RHB',	'RHB Singapore',	'1156',	'9672895806',	1,	1),
(4,	4,	'BOIS1',	'BOI Singapore',	'BOIS11',	'1428558649',	1,	0),
(5,	4,	'IOBS',	'IOB Singapore',	'258',	'846209796',	1,	0),
(6,	5,	'ANZS',	'ANZ Singapore',	'577',	'2553361240',	1,	1),
(7,	6,	'JPMS',	'JP Morgan',	'960',	'7734754116',	1,	1),
(8,	7,	'HSBCS',	'HSBC',	'198',	'3011913694',	1,	0),
(9,	7,	'MAYBS',	'Maybank',	'10',	'4005117780',	1,	1),
(10,	8,	'BNPS',	'BNP Paribas',	'589',	'6164702686',	1,	1),
(11,	9,	'OCBC',	'OCBC Bank',	'420',	'117074335',	1,	0),
(12,	9,	'UOBS',	'UOB Singapore',	'315',	'8100411349',	1,	1),
(13,	10,	'DBSB',	'DBS Bank',	'1032',	'1230871849',	1,	1),
(14,	11,	'BOS',	'Bank of Singapore',	'251',	'4337414361',	1,	1),
(15,	12,	'CITISG',	'Citi Bank',	'243',	'5188314987',	1,	1),
(16,	13,	'BNPS',	'BNP Paribas',	'589',	'7000635367',	1,	1),
(17,	14,	'OCBC',	'OCBC Bank',	'420',	'2411030760',	1,	0),
(18,	14,	'UOBS',	'UOB Singapore',	'315',	'5436070433',	1,	1),
(19,	15,	'DBSB',	'DBS Bank',	'1032',	'5936155668',	1,	1),
(21,	4,	'New Bank 101',	'HDFC BANK',	'New Branch 102',	'ACC1010101010101',	1,	0),
(22,	4,	'New Bank 1023',	'HDFC',	'New Bank 102',	'ACC101010102011',	2,	1),
(25,	4,	'TEST02',	'TNSC BANK',	'TEST02',	'10235556771',	1,	0),
(26,	4,	'FIN012',	'FINBANK',	'FIN011',	'1023525455',	1,	0),
(27,	4,	'BBS10',	'BBS',	'BBBS10',	'1021522010',	1,	0),
(28,	16,	'ICIC000000077',	'ICICI Banka',	'0077',	'007701013594',	0,	1);

DROP TABLE IF EXISTS `borrower_directors`;
CREATE TABLE `borrower_directors` (
  `id` int(11) NOT NULL AUTO_INCREMENT,
  `borrower_id` int(11) NOT NULL,
  `slno` int(11) NOT NULL,
  `name` varchar(60) DEFAULT NULL,
  `age` varchar(10) DEFAULT NULL,
  `period_in_this_business` varchar(20) DEFAULT NULL,
  `overall_experience` varchar(20) DEFAULT NULL,
  `accomplishments` varchar(2000) DEFAULT NULL,
  `directors_profile` varchar(2000) DEFAULT NULL,
  PRIMARY KEY (`id`,`borrower_id`),
  KEY `fk_borrower_promotors_borrowers1_idx` (`borrower_id`),
  CONSTRAINT `fk_borrower_promotors_borrowers1` FOREIGN KEY (`borrower_id`) REFERENCES `borrowers` (`borrower_id`) ON DELETE NO ACTION ON UPDATE NO ACTION
) ENGINE=InnoDB DEFAULT CHARSET=latin1;

INSERT INTO `borrower_directors` (`id`, `borrower_id`, `slno`, `name`, `age`, `period_in_this_business`, `overall_experience`, `accomplishments`, `directors_profile`) VALUES
(4,	2,	1,	'BOR-2 - # 1',	'56',	'41',	'36',	'Lorem ipsum dolor sit amet, eos zril noster appareat et. Eum et hinc aeterno tritani, per id lorem copiosae. Sed mollis alterum interesset eu, facer scripserit theophrastus quo eu, eum civibus deleniti at. Fugit tractatos consequuntur pro ex, ius integre incorrupte disputando et. An pro unum cibo dolore, no ius ceteros liberavisse, eum congue vivendo in. Ad adhuc definitionem vel. Nam epicurei vivendum in, ad inermis pericula usu.\n\nUsu ei sonet partem quodsi, vis ea labores accusata. Sonet dolorem splendide vix cu, et aliquip tincidunt quo. Pro ei illum partiendo interesset, ad eum hinc admodum civibus. Bonorum accusamus pro te. Sea cu copiosae invidunt quaerendum, eu lorem explicari est. Sit no oratio iudicabit, mea duis dicta accusamus ea.\n',	'Lorem ipsum dolor sit amet, eos zril noster appareat et. Eum et hinc aeterno tritani, per id lorem copiosae. Sed mollis alterum interesset eu, facer scripserit theophrastus quo eu, eum civibus deleniti at. Fugit tractatos consequuntur pro ex, ius integre incorrupte disputando et. An pro unum cibo dolore, no ius ceteros liberavisse, eum congue vivendo in. Ad adhuc definitionem vel. Nam epicurei vivendum in, ad inermis pericula usu.\n\nUsu ei sonet partem quodsi, vis ea labores accusata. Sonet dolorem splendide vix cu, et aliquip tincidunt quo. Pro ei illum partiendo interesset, ad eum hinc admodum civibus. Bonorum accusamus pro te. Sea cu copiosae invidunt quaerendum, eu lorem explicari est. Sit no oratio iudicabit, mea duis dicta accusamus ea.\n'),
(5,	3,	1,	'BOR-3 - # 1',	'50',	'35',	'30',	'Lorem ipsum dolor sit amet, eos zril noster appareat et. Eum et hinc aeterno tritani, per id lorem copiosae. Sed mollis alterum interesset eu, facer scripserit theophrastus quo eu, eum civibus deleniti at. Fugit tractatos consequuntur pro ex, ius integre incorrupte disputando et. An pro unum cibo dolore, no ius ceteros liberavisse, eum congue vivendo in. Ad adhuc definitionem vel. Nam epicurei vivendum in, ad inermis pericula usu.\n\nUsu ei sonet partem quodsi, vis ea labores accusata. Sonet dolorem splendide vix cu, et aliquip tincidunt quo. Pro ei illum partiendo interesset, ad eum hinc admodum civibus. Bonorum accusamus pro te. Sea cu copiosae invidunt quaerendum, eu lorem explicari est. Sit no oratio iudicabit, mea duis dicta accusamus ea.\n',	'Lorem ipsum dolor sit amet, eos zril noster appareat et. Eum et hinc aeterno tritani, per id lorem copiosae. Sed mollis alterum interesset eu, facer scripserit theophrastus quo eu, eum civibus deleniti at. Fugit tractatos consequuntur pro ex, ius integre incorrupte disputando et. An pro unum cibo dolore, no ius ceteros liberavisse, eum congue vivendo in. Ad adhuc definitionem vel. Nam epicurei vivendum in, ad inermis pericula usu.\n\nUsu ei sonet partem quodsi, vis ea labores accusata. Sonet dolorem splendide vix cu, et aliquip tincidunt quo. Pro ei illum partiendo interesset, ad eum hinc admodum civibus. Bonorum accusamus pro te. Sea cu copiosae invidunt quaerendum, eu lorem explicari est. Sit no oratio iudicabit, mea duis dicta accusamus ea.\n'),
(6,	3,	2,	'BOR-3 - # 2',	'35',	'20',	'15',	'Lorem ipsum dolor sit amet, eos zril noster appareat et. Eum et hinc aeterno tritani, per id lorem copiosae. Sed mollis alterum interesset eu, facer scripserit theophrastus quo eu, eum civibus deleniti at. Fugit tractatos consequuntur pro ex, ius integre incorrupte disputando et. An pro unum cibo dolore, no ius ceteros liberavisse, eum congue vivendo in. Ad adhuc definitionem vel. Nam epicurei vivendum in, ad inermis pericula usu.\n\nUsu ei sonet partem quodsi, vis ea labores accusata. Sonet dolorem splendide vix cu, et aliquip tincidunt quo. Pro ei illum partiendo interesset, ad eum hinc admodum civibus. Bonorum accusamus pro te. Sea cu copiosae invidunt quaerendum, eu lorem explicari est. Sit no oratio iudicabit, mea duis dicta accusamus ea.\n',	'Lorem ipsum dolor sit amet, eos zril noster appareat et. Eum et hinc aeterno tritani, per id lorem copiosae. Sed mollis alterum interesset eu, facer scripserit theophrastus quo eu, eum civibus deleniti at. Fugit tractatos consequuntur pro ex, ius integre incorrupte disputando et. An pro unum cibo dolore, no ius ceteros liberavisse, eum congue vivendo in. Ad adhuc definitionem vel. Nam epicurei vivendum in, ad inermis pericula usu.\n\nUsu ei sonet partem quodsi, vis ea labores accusata. Sonet dolorem splendide vix cu, et aliquip tincidunt quo. Pro ei illum partiendo interesset, ad eum hinc admodum civibus. Bonorum accusamus pro te. Sea cu copiosae invidunt quaerendum, eu lorem explicari est. Sit no oratio iudicabit, mea duis dicta accusamus ea.\n'),
(7,	4,	1,	'BOR-4 - # 1',	'55',	'40',	'35',	'Lorem ipsum dolor sit amet, eos zril noster appareat et. Eum et hinc aeterno tritani, per id lorem copiosae. Sed mollis alterum interesset eu, facer scripserit theophrastus quo eu, eum civibus deleniti at. Fugit tractatos consequuntur pro ex, ius integre incorrupte disputando et. An pro unum cibo dolore, no ius ceteros liberavisse, eum congue vivendo in. Ad adhuc definitionem vel. Nam epicurei vivendum in, ad inermis pericula usu.\n\nUsu ei sonet partem quodsi, vis ea labores accusata. Sonet dolorem splendide vix cu, et aliquip tincidunt quo. Pro ei illum partiendo interesset, ad eum hinc admodum civibus. Bonorum accusamus pro te. Sea cu copiosae invidunt quaerendum, eu lorem explicari est. Sit no oratio iudicabit, mea duis dicta accusamus ea.\n',	'Lorem ipsum dolor sit amet, eos zril noster appareat et. Eum et hinc aeterno tritani, per id lorem copiosae. Sed mollis alterum interesset eu, facer scripserit theophrastus quo eu, eum civibus deleniti at. Fugit tractatos consequuntur pro ex, ius integre incorrupte disputando et. An pro unum cibo dolore, no ius ceteros liberavisse, eum congue vivendo in. Ad adhuc definitionem vel. Nam epicurei vivendum in, ad inermis pericula usu.\n\nUsu ei sonet partem quodsi, vis ea labores accusata. Sonet dolorem splendide vix cu, et aliquip tincidunt quo. Pro ei illum partiendo interesset, ad eum hinc admodum civibus. Bonorum accusamus pro te. Sea cu copiosae invidunt quaerendum, eu lorem explicari est. Sit no oratio iudicabit, mea duis dicta accusamus ea.\n'),
(8,	5,	1,	'BOR-5 - # 1',	'55',	'40',	'35',	'Lorem ipsum dolor sit amet, eos zril noster appareat et. Eum et hinc aeterno tritani, per id lorem copiosae. Sed mollis alterum interesset eu, facer scripserit theophrastus quo eu, eum civibus deleniti at. Fugit tractatos consequuntur pro ex, ius integre incorrupte disputando et. An pro unum cibo dolore, no ius ceteros liberavisse, eum congue vivendo in. Ad adhuc definitionem vel. Nam epicurei vivendum in, ad inermis pericula usu.\n\nUsu ei sonet partem quodsi, vis ea labores accusata. Sonet dolorem splendide vix cu, et aliquip tincidunt quo. Pro ei illum partiendo interesset, ad eum hinc admodum civibus. Bonorum accusamus pro te. Sea cu copiosae invidunt quaerendum, eu lorem explicari est. Sit no oratio iudicabit, mea duis dicta accusamus ea.\n',	'Lorem ipsum dolor sit amet, eos zril noster appareat et. Eum et hinc aeterno tritani, per id lorem copiosae. Sed mollis alterum interesset eu, facer scripserit theophrastus quo eu, eum civibus deleniti at. Fugit tractatos consequuntur pro ex, ius integre incorrupte disputando et. An pro unum cibo dolore, no ius ceteros liberavisse, eum congue vivendo in. Ad adhuc definitionem vel. Nam epicurei vivendum in, ad inermis pericula usu.\n\nUsu ei sonet partem quodsi, vis ea labores accusata. Sonet dolorem splendide vix cu, et aliquip tincidunt quo. Pro ei illum partiendo interesset, ad eum hinc admodum civibus. Bonorum accusamus pro te. Sea cu copiosae invidunt quaerendum, eu lorem explicari est. Sit no oratio iudicabit, mea duis dicta accusamus ea.\n'),
(9,	5,	2,	'BOR-5 - # 2',	'32',	'17',	'12',	'Lorem ipsum dolor sit amet, eos zril noster appareat et. Eum et hinc aeterno tritani, per id lorem copiosae. Sed mollis alterum interesset eu, facer scripserit theophrastus quo eu, eum civibus deleniti at. Fugit tractatos consequuntur pro ex, ius integre incorrupte disputando et. An pro unum cibo dolore, no ius ceteros liberavisse, eum congue vivendo in. Ad adhuc definitionem vel. Nam epicurei vivendum in, ad inermis pericula usu.\n\nUsu ei sonet partem quodsi, vis ea labores accusata. Sonet dolorem splendide vix cu, et aliquip tincidunt quo. Pro ei illum partiendo interesset, ad eum hinc admodum civibus. Bonorum accusamus pro te. Sea cu copiosae invidunt quaerendum, eu lorem explicari est. Sit no oratio iudicabit, mea duis dicta accusamus ea.\n',	'Lorem ipsum dolor sit amet, eos zril noster appareat et. Eum et hinc aeterno tritani, per id lorem copiosae. Sed mollis alterum interesset eu, facer scripserit theophrastus quo eu, eum civibus deleniti at. Fugit tractatos consequuntur pro ex, ius integre incorrupte disputando et. An pro unum cibo dolore, no ius ceteros liberavisse, eum congue vivendo in. Ad adhuc definitionem vel. Nam epicurei vivendum in, ad inermis pericula usu.\n\nUsu ei sonet partem quodsi, vis ea labores accusata. Sonet dolorem splendide vix cu, et aliquip tincidunt quo. Pro ei illum partiendo interesset, ad eum hinc admodum civibus. Bonorum accusamus pro te. Sea cu copiosae invidunt quaerendum, eu lorem explicari est. Sit no oratio iudicabit, mea duis dicta accusamus ea.\n'),
(10,	5,	3,	'BOR-5 - # 3',	'33',	'18',	'13',	'Lorem ipsum dolor sit amet, eos zril noster appareat et. Eum et hinc aeterno tritani, per id lorem copiosae. Sed mollis alterum interesset eu, facer scripserit theophrastus quo eu, eum civibus deleniti at. Fugit tractatos consequuntur pro ex, ius integre incorrupte disputando et. An pro unum cibo dolore, no ius ceteros liberavisse, eum congue vivendo in. Ad adhuc definitionem vel. Nam epicurei vivendum in, ad inermis pericula usu.\n\nUsu ei sonet partem quodsi, vis ea labores accusata. Sonet dolorem splendide vix cu, et aliquip tincidunt quo. Pro ei illum partiendo interesset, ad eum hinc admodum civibus. Bonorum accusamus pro te. Sea cu copiosae invidunt quaerendum, eu lorem explicari est. Sit no oratio iudicabit, mea duis dicta accusamus ea.\n',	'Lorem ipsum dolor sit amet, eos zril noster appareat et. Eum et hinc aeterno tritani, per id lorem copiosae. Sed mollis alterum interesset eu, facer scripserit theophrastus quo eu, eum civibus deleniti at. Fugit tractatos consequuntur pro ex, ius integre incorrupte disputando et. An pro unum cibo dolore, no ius ceteros liberavisse, eum congue vivendo in. Ad adhuc definitionem vel. Nam epicurei vivendum in, ad inermis pericula usu.\n\nUsu ei sonet partem quodsi, vis ea labores accusata. Sonet dolorem splendide vix cu, et aliquip tincidunt quo. Pro ei illum partiendo interesset, ad eum hinc admodum civibus. Bonorum accusamus pro te. Sea cu copiosae invidunt quaerendum, eu lorem explicari est. Sit no oratio iudicabit, mea duis dicta accusamus ea.\n'),
(11,	5,	4,	'BOR-5 - # 4',	'56',	'41',	'36',	'Lorem ipsum dolor sit amet, eos zril noster appareat et. Eum et hinc aeterno tritani, per id lorem copiosae. Sed mollis alterum interesset eu, facer scripserit theophrastus quo eu, eum civibus deleniti at. Fugit tractatos consequuntur pro ex, ius integre incorrupte disputando et. An pro unum cibo dolore, no ius ceteros liberavisse, eum congue vivendo in. Ad adhuc definitionem vel. Nam epicurei vivendum in, ad inermis pericula usu.\n\nUsu ei sonet partem quodsi, vis ea labores accusata. Sonet dolorem splendide vix cu, et aliquip tincidunt quo. Pro ei illum partiendo interesset, ad eum hinc admodum civibus. Bonorum accusamus pro te. Sea cu copiosae invidunt quaerendum, eu lorem explicari est. Sit no oratio iudicabit, mea duis dicta accusamus ea.\n',	'Lorem ipsum dolor sit amet, eos zril noster appareat et. Eum et hinc aeterno tritani, per id lorem copiosae. Sed mollis alterum interesset eu, facer scripserit theophrastus quo eu, eum civibus deleniti at. Fugit tractatos consequuntur pro ex, ius integre incorrupte disputando et. An pro unum cibo dolore, no ius ceteros liberavisse, eum congue vivendo in. Ad adhuc definitionem vel. Nam epicurei vivendum in, ad inermis pericula usu.\n\nUsu ei sonet partem quodsi, vis ea labores accusata. Sonet dolorem splendide vix cu, et aliquip tincidunt quo. Pro ei illum partiendo interesset, ad eum hinc admodum civibus. Bonorum accusamus pro te. Sea cu copiosae invidunt quaerendum, eu lorem explicari est. Sit no oratio iudicabit, mea duis dicta accusamus ea.\n'),
(12,	5,	5,	'BOR-5 - # 5',	'33',	'18',	'13',	'Lorem ipsum dolor sit amet, eos zril noster appareat et. Eum et hinc aeterno tritani, per id lorem copiosae. Sed mollis alterum interesset eu, facer scripserit theophrastus quo eu, eum civibus deleniti at. Fugit tractatos consequuntur pro ex, ius integre incorrupte disputando et. An pro unum cibo dolore, no ius ceteros liberavisse, eum congue vivendo in. Ad adhuc definitionem vel. Nam epicurei vivendum in, ad inermis pericula usu.\n\nUsu ei sonet partem quodsi, vis ea labores accusata. Sonet dolorem splendide vix cu, et aliquip tincidunt quo. Pro ei illum partiendo interesset, ad eum hinc admodum civibus. Bonorum accusamus pro te. Sea cu copiosae invidunt quaerendum, eu lorem explicari est. Sit no oratio iudicabit, mea duis dicta accusamus ea.\n',	'Lorem ipsum dolor sit amet, eos zril noster appareat et. Eum et hinc aeterno tritani, per id lorem copiosae. Sed mollis alterum interesset eu, facer scripserit theophrastus quo eu, eum civibus deleniti at. Fugit tractatos consequuntur pro ex, ius integre incorrupte disputando et. An pro unum cibo dolore, no ius ceteros liberavisse, eum congue vivendo in. Ad adhuc definitionem vel. Nam epicurei vivendum in, ad inermis pericula usu.\n\nUsu ei sonet partem quodsi, vis ea labores accusata. Sonet dolorem splendide vix cu, et aliquip tincidunt quo. Pro ei illum partiendo interesset, ad eum hinc admodum civibus. Bonorum accusamus pro te. Sea cu copiosae invidunt quaerendum, eu lorem explicari est. Sit no oratio iudicabit, mea duis dicta accusamus ea.\n'),
(13,	6,	1,	'BOR-6 - # 1',	'51',	'36',	'31',	'Lorem ipsum dolor sit amet, eos zril noster appareat et. Eum et hinc aeterno tritani, per id lorem copiosae. Sed mollis alterum interesset eu, facer scripserit theophrastus quo eu, eum civibus deleniti at. Fugit tractatos consequuntur pro ex, ius integre incorrupte disputando et. An pro unum cibo dolore, no ius ceteros liberavisse, eum congue vivendo in. Ad adhuc definitionem vel. Nam epicurei vivendum in, ad inermis pericula usu.\n\nUsu ei sonet partem quodsi, vis ea labores accusata. Sonet dolorem splendide vix cu, et aliquip tincidunt quo. Pro ei illum partiendo interesset, ad eum hinc admodum civibus. Bonorum accusamus pro te. Sea cu copiosae invidunt quaerendum, eu lorem explicari est. Sit no oratio iudicabit, mea duis dicta accusamus ea.\n',	'Lorem ipsum dolor sit amet, eos zril noster appareat et. Eum et hinc aeterno tritani, per id lorem copiosae. Sed mollis alterum interesset eu, facer scripserit theophrastus quo eu, eum civibus deleniti at. Fugit tractatos consequuntur pro ex, ius integre incorrupte disputando et. An pro unum cibo dolore, no ius ceteros liberavisse, eum congue vivendo in. Ad adhuc definitionem vel. Nam epicurei vivendum in, ad inermis pericula usu.\n\nUsu ei sonet partem quodsi, vis ea labores accusata. Sonet dolorem splendide vix cu, et aliquip tincidunt quo. Pro ei illum partiendo interesset, ad eum hinc admodum civibus. Bonorum accusamus pro te. Sea cu copiosae invidunt quaerendum, eu lorem explicari est. Sit no oratio iudicabit, mea duis dicta accusamus ea.\n'),
(14,	7,	1,	'BOR-7 - # 1',	'37',	'22',	'17',	'Lorem ipsum dolor sit amet, eos zril noster appareat et. Eum et hinc aeterno tritani, per id lorem copiosae. Sed mollis alterum interesset eu, facer scripserit theophrastus quo eu, eum civibus deleniti at. Fugit tractatos consequuntur pro ex, ius integre incorrupte disputando et. An pro unum cibo dolore, no ius ceteros liberavisse, eum congue vivendo in. Ad adhuc definitionem vel. Nam epicurei vivendum in, ad inermis pericula usu.\n\nUsu ei sonet partem quodsi, vis ea labores accusata. Sonet dolorem splendide vix cu, et aliquip tincidunt quo. Pro ei illum partiendo interesset, ad eum hinc admodum civibus. Bonorum accusamus pro te. Sea cu copiosae invidunt quaerendum, eu lorem explicari est. Sit no oratio iudicabit, mea duis dicta accusamus ea.\n',	'Lorem ipsum dolor sit amet, eos zril noster appareat et. Eum et hinc aeterno tritani, per id lorem copiosae. Sed mollis alterum interesset eu, facer scripserit theophrastus quo eu, eum civibus deleniti at. Fugit tractatos consequuntur pro ex, ius integre incorrupte disputando et. An pro unum cibo dolore, no ius ceteros liberavisse, eum congue vivendo in. Ad adhuc definitionem vel. Nam epicurei vivendum in, ad inermis pericula usu.\n\nUsu ei sonet partem quodsi, vis ea labores accusata. Sonet dolorem splendide vix cu, et aliquip tincidunt quo. Pro ei illum partiendo interesset, ad eum hinc admodum civibus. Bonorum accusamus pro te. Sea cu copiosae invidunt quaerendum, eu lorem explicari est. Sit no oratio iudicabit, mea duis dicta accusamus ea.\n'),
(15,	7,	2,	'BOR-7 - # 2',	'33',	'18',	'13',	'Lorem ipsum dolor sit amet, eos zril noster appareat et. Eum et hinc aeterno tritani, per id lorem copiosae. Sed mollis alterum interesset eu, facer scripserit theophrastus quo eu, eum civibus deleniti at. Fugit tractatos consequuntur pro ex, ius integre incorrupte disputando et. An pro unum cibo dolore, no ius ceteros liberavisse, eum congue vivendo in. Ad adhuc definitionem vel. Nam epicurei vivendum in, ad inermis pericula usu.\n\nUsu ei sonet partem quodsi, vis ea labores accusata. Sonet dolorem splendide vix cu, et aliquip tincidunt quo. Pro ei illum partiendo interesset, ad eum hinc admodum civibus. Bonorum accusamus pro te. Sea cu copiosae invidunt quaerendum, eu lorem explicari est. Sit no oratio iudicabit, mea duis dicta accusamus ea.\n',	'Lorem ipsum dolor sit amet, eos zril noster appareat et. Eum et hinc aeterno tritani, per id lorem copiosae. Sed mollis alterum interesset eu, facer scripserit theophrastus quo eu, eum civibus deleniti at. Fugit tractatos consequuntur pro ex, ius integre incorrupte disputando et. An pro unum cibo dolore, no ius ceteros liberavisse, eum congue vivendo in. Ad adhuc definitionem vel. Nam epicurei vivendum in, ad inermis pericula usu.\n\nUsu ei sonet partem quodsi, vis ea labores accusata. Sonet dolorem splendide vix cu, et aliquip tincidunt quo. Pro ei illum partiendo interesset, ad eum hinc admodum civibus. Bonorum accusamus pro te. Sea cu copiosae invidunt quaerendum, eu lorem explicari est. Sit no oratio iudicabit, mea duis dicta accusamus ea.\n'),
(16,	8,	1,	'BOR-8 - # 1',	'33',	'18',	'13',	'Lorem ipsum dolor sit amet, eos zril noster appareat et. Eum et hinc aeterno tritani, per id lorem copiosae. Sed mollis alterum interesset eu, facer scripserit theophrastus quo eu, eum civibus deleniti at. Fugit tractatos consequuntur pro ex, ius integre incorrupte disputando et. An pro unum cibo dolore, no ius ceteros liberavisse, eum congue vivendo in. Ad adhuc definitionem vel. Nam epicurei vivendum in, ad inermis pericula usu.\n\nUsu ei sonet partem quodsi, vis ea labores accusata. Sonet dolorem splendide vix cu, et aliquip tincidunt quo. Pro ei illum partiendo interesset, ad eum hinc admodum civibus. Bonorum accusamus pro te. Sea cu copiosae invidunt quaerendum, eu lorem explicari est. Sit no oratio iudicabit, mea duis dicta accusamus ea.\n',	'Lorem ipsum dolor sit amet, eos zril noster appareat et. Eum et hinc aeterno tritani, per id lorem copiosae. Sed mollis alterum interesset eu, facer scripserit theophrastus quo eu, eum civibus deleniti at. Fugit tractatos consequuntur pro ex, ius integre incorrupte disputando et. An pro unum cibo dolore, no ius ceteros liberavisse, eum congue vivendo in. Ad adhuc definitionem vel. Nam epicurei vivendum in, ad inermis pericula usu.\n\nUsu ei sonet partem quodsi, vis ea labores accusata. Sonet dolorem splendide vix cu, et aliquip tincidunt quo. Pro ei illum partiendo interesset, ad eum hinc admodum civibus. Bonorum accusamus pro te. Sea cu copiosae invidunt quaerendum, eu lorem explicari est. Sit no oratio iudicabit, mea duis dicta accusamus ea.\n'),
(17,	8,	2,	'BOR-8 - # 2',	'30',	'15',	'10',	'Lorem ipsum dolor sit amet, eos zril noster appareat et. Eum et hinc aeterno tritani, per id lorem copiosae. Sed mollis alterum interesset eu, facer scripserit theophrastus quo eu, eum civibus deleniti at. Fugit tractatos consequuntur pro ex, ius integre incorrupte disputando et. An pro unum cibo dolore, no ius ceteros liberavisse, eum congue vivendo in. Ad adhuc definitionem vel. Nam epicurei vivendum in, ad inermis pericula usu.\n\nUsu ei sonet partem quodsi, vis ea labores accusata. Sonet dolorem splendide vix cu, et aliquip tincidunt quo. Pro ei illum partiendo interesset, ad eum hinc admodum civibus. Bonorum accusamus pro te. Sea cu copiosae invidunt quaerendum, eu lorem explicari est. Sit no oratio iudicabit, mea duis dicta accusamus ea.\n',	'Lorem ipsum dolor sit amet, eos zril noster appareat et. Eum et hinc aeterno tritani, per id lorem copiosae. Sed mollis alterum interesset eu, facer scripserit theophrastus quo eu, eum civibus deleniti at. Fugit tractatos consequuntur pro ex, ius integre incorrupte disputando et. An pro unum cibo dolore, no ius ceteros liberavisse, eum congue vivendo in. Ad adhuc definitionem vel. Nam epicurei vivendum in, ad inermis pericula usu.\n\nUsu ei sonet partem quodsi, vis ea labores accusata. Sonet dolorem splendide vix cu, et aliquip tincidunt quo. Pro ei illum partiendo interesset, ad eum hinc admodum civibus. Bonorum accusamus pro te. Sea cu copiosae invidunt quaerendum, eu lorem explicari est. Sit no oratio iudicabit, mea duis dicta accusamus ea.\n'),
(18,	9,	1,	'BOR-9 - # 1',	'44',	'29',	'24',	'Lorem ipsum dolor sit amet, eos zril noster appareat et. Eum et hinc aeterno tritani, per id lorem copiosae. Sed mollis alterum interesset eu, facer scripserit theophrastus quo eu, eum civibus deleniti at. Fugit tractatos consequuntur pro ex, ius integre incorrupte disputando et. An pro unum cibo dolore, no ius ceteros liberavisse, eum congue vivendo in. Ad adhuc definitionem vel. Nam epicurei vivendum in, ad inermis pericula usu.\n\nUsu ei sonet partem quodsi, vis ea labores accusata. Sonet dolorem splendide vix cu, et aliquip tincidunt quo. Pro ei illum partiendo interesset, ad eum hinc admodum civibus. Bonorum accusamus pro te. Sea cu copiosae invidunt quaerendum, eu lorem explicari est. Sit no oratio iudicabit, mea duis dicta accusamus ea.\n',	'Lorem ipsum dolor sit amet, eos zril noster appareat et. Eum et hinc aeterno tritani, per id lorem copiosae. Sed mollis alterum interesset eu, facer scripserit theophrastus quo eu, eum civibus deleniti at. Fugit tractatos consequuntur pro ex, ius integre incorrupte disputando et. An pro unum cibo dolore, no ius ceteros liberavisse, eum congue vivendo in. Ad adhuc definitionem vel. Nam epicurei vivendum in, ad inermis pericula usu.\n\nUsu ei sonet partem quodsi, vis ea labores accusata. Sonet dolorem splendide vix cu, et aliquip tincidunt quo. Pro ei illum partiendo interesset, ad eum hinc admodum civibus. Bonorum accusamus pro te. Sea cu copiosae invidunt quaerendum, eu lorem explicari est. Sit no oratio iudicabit, mea duis dicta accusamus ea.\n'),
(19,	10,	1,	'BOR-10 - # 1',	'38',	'23',	'18',	'Lorem ipsum dolor sit amet, eos zril noster appareat et. Eum et hinc aeterno tritani, per id lorem copiosae. Sed mollis alterum interesset eu, facer scripserit theophrastus quo eu, eum civibus deleniti at. Fugit tractatos consequuntur pro ex, ius integre incorrupte disputando et. An pro unum cibo dolore, no ius ceteros liberavisse, eum congue vivendo in. Ad adhuc definitionem vel. Nam epicurei vivendum in, ad inermis pericula usu.\n\nUsu ei sonet partem quodsi, vis ea labores accusata. Sonet dolorem splendide vix cu, et aliquip tincidunt quo. Pro ei illum partiendo interesset, ad eum hinc admodum civibus. Bonorum accusamus pro te. Sea cu copiosae invidunt quaerendum, eu lorem explicari est. Sit no oratio iudicabit, mea duis dicta accusamus ea.\n',	'Lorem ipsum dolor sit amet, eos zril noster appareat et. Eum et hinc aeterno tritani, per id lorem copiosae. Sed mollis alterum interesset eu, facer scripserit theophrastus quo eu, eum civibus deleniti at. Fugit tractatos consequuntur pro ex, ius integre incorrupte disputando et. An pro unum cibo dolore, no ius ceteros liberavisse, eum congue vivendo in. Ad adhuc definitionem vel. Nam epicurei vivendum in, ad inermis pericula usu.\n\nUsu ei sonet partem quodsi, vis ea labores accusata. Sonet dolorem splendide vix cu, et aliquip tincidunt quo. Pro ei illum partiendo interesset, ad eum hinc admodum civibus. Bonorum accusamus pro te. Sea cu copiosae invidunt quaerendum, eu lorem explicari est. Sit no oratio iudicabit, mea duis dicta accusamus ea.\n'),
(20,	10,	2,	'BOR-10 - # 2',	'32',	'17',	'12',	'Lorem ipsum dolor sit amet, eos zril noster appareat et. Eum et hinc aeterno tritani, per id lorem copiosae. Sed mollis alterum interesset eu, facer scripserit theophrastus quo eu, eum civibus deleniti at. Fugit tractatos consequuntur pro ex, ius integre incorrupte disputando et. An pro unum cibo dolore, no ius ceteros liberavisse, eum congue vivendo in. Ad adhuc definitionem vel. Nam epicurei vivendum in, ad inermis pericula usu.\n\nUsu ei sonet partem quodsi, vis ea labores accusata. Sonet dolorem splendide vix cu, et aliquip tincidunt quo. Pro ei illum partiendo interesset, ad eum hinc admodum civibus. Bonorum accusamus pro te. Sea cu copiosae invidunt quaerendum, eu lorem explicari est. Sit no oratio iudicabit, mea duis dicta accusamus ea.\n',	'Lorem ipsum dolor sit amet, eos zril noster appareat et. Eum et hinc aeterno tritani, per id lorem copiosae. Sed mollis alterum interesset eu, facer scripserit theophrastus quo eu, eum civibus deleniti at. Fugit tractatos consequuntur pro ex, ius integre incorrupte disputando et. An pro unum cibo dolore, no ius ceteros liberavisse, eum congue vivendo in. Ad adhuc definitionem vel. Nam epicurei vivendum in, ad inermis pericula usu.\n\nUsu ei sonet partem quodsi, vis ea labores accusata. Sonet dolorem splendide vix cu, et aliquip tincidunt quo. Pro ei illum partiendo interesset, ad eum hinc admodum civibus. Bonorum accusamus pro te. Sea cu copiosae invidunt quaerendum, eu lorem explicari est. Sit no oratio iudicabit, mea duis dicta accusamus ea.\n'),
(21,	10,	3,	'BOR-10 - # 3',	'48',	'33',	'28',	'Lorem ipsum dolor sit amet, eos zril noster appareat et. Eum et hinc aeterno tritani, per id lorem copiosae. Sed mollis alterum interesset eu, facer scripserit theophrastus quo eu, eum civibus deleniti at. Fugit tractatos consequuntur pro ex, ius integre incorrupte disputando et. An pro unum cibo dolore, no ius ceteros liberavisse, eum congue vivendo in. Ad adhuc definitionem vel. Nam epicurei vivendum in, ad inermis pericula usu.\n\nUsu ei sonet partem quodsi, vis ea labores accusata. Sonet dolorem splendide vix cu, et aliquip tincidunt quo. Pro ei illum partiendo interesset, ad eum hinc admodum civibus. Bonorum accusamus pro te. Sea cu copiosae invidunt quaerendum, eu lorem explicari est. Sit no oratio iudicabit, mea duis dicta accusamus ea.\n',	'Lorem ipsum dolor sit amet, eos zril noster appareat et. Eum et hinc aeterno tritani, per id lorem copiosae. Sed mollis alterum interesset eu, facer scripserit theophrastus quo eu, eum civibus deleniti at. Fugit tractatos consequuntur pro ex, ius integre incorrupte disputando et. An pro unum cibo dolore, no ius ceteros liberavisse, eum congue vivendo in. Ad adhuc definitionem vel. Nam epicurei vivendum in, ad inermis pericula usu.\n\nUsu ei sonet partem quodsi, vis ea labores accusata. Sonet dolorem splendide vix cu, et aliquip tincidunt quo. Pro ei illum partiendo interesset, ad eum hinc admodum civibus. Bonorum accusamus pro te. Sea cu copiosae invidunt quaerendum, eu lorem explicari est. Sit no oratio iudicabit, mea duis dicta accusamus ea.\n'),
(22,	11,	1,	'BOR-11 - # 1',	'48',	'33',	'28',	'Lorem ipsum dolor sit amet, eos zril noster appareat et. Eum et hinc aeterno tritani, per id lorem copiosae. Sed mollis alterum interesset eu, facer scripserit theophrastus quo eu, eum civibus deleniti at. Fugit tractatos consequuntur pro ex, ius integre incorrupte disputando et. An pro unum cibo dolore, no ius ceteros liberavisse, eum congue vivendo in. Ad adhuc definitionem vel. Nam epicurei vivendum in, ad inermis pericula usu.\n\nUsu ei sonet partem quodsi, vis ea labores accusata. Sonet dolorem splendide vix cu, et aliquip tincidunt quo. Pro ei illum partiendo interesset, ad eum hinc admodum civibus. Bonorum accusamus pro te. Sea cu copiosae invidunt quaerendum, eu lorem explicari est. Sit no oratio iudicabit, mea duis dicta accusamus ea.\n',	'Lorem ipsum dolor sit amet, eos zril noster appareat et. Eum et hinc aeterno tritani, per id lorem copiosae. Sed mollis alterum interesset eu, facer scripserit theophrastus quo eu, eum civibus deleniti at. Fugit tractatos consequuntur pro ex, ius integre incorrupte disputando et. An pro unum cibo dolore, no ius ceteros liberavisse, eum congue vivendo in. Ad adhuc definitionem vel. Nam epicurei vivendum in, ad inermis pericula usu.\n\nUsu ei sonet partem quodsi, vis ea labores accusata. Sonet dolorem splendide vix cu, et aliquip tincidunt quo. Pro ei illum partiendo interesset, ad eum hinc admodum civibus. Bonorum accusamus pro te. Sea cu copiosae invidunt quaerendum, eu lorem explicari est. Sit no oratio iudicabit, mea duis dicta accusamus ea.\n'),
(23,	12,	1,	'BOR-12 - # 1',	'41',	'26',	'21',	'Lorem ipsum dolor sit amet, eos zril noster appareat et. Eum et hinc aeterno tritani, per id lorem copiosae. Sed mollis alterum interesset eu, facer scripserit theophrastus quo eu, eum civibus deleniti at. Fugit tractatos consequuntur pro ex, ius integre incorrupte disputando et. An pro unum cibo dolore, no ius ceteros liberavisse, eum congue vivendo in. Ad adhuc definitionem vel. Nam epicurei vivendum in, ad inermis pericula usu.\n\nUsu ei sonet partem quodsi, vis ea labores accusata. Sonet dolorem splendide vix cu, et aliquip tincidunt quo. Pro ei illum partiendo interesset, ad eum hinc admodum civibus. Bonorum accusamus pro te. Sea cu copiosae invidunt quaerendum, eu lorem explicari est. Sit no oratio iudicabit, mea duis dicta accusamus ea.\n',	'Lorem ipsum dolor sit amet, eos zril noster appareat et. Eum et hinc aeterno tritani, per id lorem copiosae. Sed mollis alterum interesset eu, facer scripserit theophrastus quo eu, eum civibus deleniti at. Fugit tractatos consequuntur pro ex, ius integre incorrupte disputando et. An pro unum cibo dolore, no ius ceteros liberavisse, eum congue vivendo in. Ad adhuc definitionem vel. Nam epicurei vivendum in, ad inermis pericula usu.\n\nUsu ei sonet partem quodsi, vis ea labores accusata. Sonet dolorem splendide vix cu, et aliquip tincidunt quo. Pro ei illum partiendo interesset, ad eum hinc admodum civibus. Bonorum accusamus pro te. Sea cu copiosae invidunt quaerendum, eu lorem explicari est. Sit no oratio iudicabit, mea duis dicta accusamus ea.\n'),
(24,	12,	2,	'BOR-12 - # 2',	'54',	'39',	'34',	'Lorem ipsum dolor sit amet, eos zril noster appareat et. Eum et hinc aeterno tritani, per id lorem copiosae. Sed mollis alterum interesset eu, facer scripserit theophrastus quo eu, eum civibus deleniti at. Fugit tractatos consequuntur pro ex, ius integre incorrupte disputando et. An pro unum cibo dolore, no ius ceteros liberavisse, eum congue vivendo in. Ad adhuc definitionem vel. Nam epicurei vivendum in, ad inermis pericula usu.\n\nUsu ei sonet partem quodsi, vis ea labores accusata. Sonet dolorem splendide vix cu, et aliquip tincidunt quo. Pro ei illum partiendo interesset, ad eum hinc admodum civibus. Bonorum accusamus pro te. Sea cu copiosae invidunt quaerendum, eu lorem explicari est. Sit no oratio iudicabit, mea duis dicta accusamus ea.\n',	'Lorem ipsum dolor sit amet, eos zril noster appareat et. Eum et hinc aeterno tritani, per id lorem copiosae. Sed mollis alterum interesset eu, facer scripserit theophrastus quo eu, eum civibus deleniti at. Fugit tractatos consequuntur pro ex, ius integre incorrupte disputando et. An pro unum cibo dolore, no ius ceteros liberavisse, eum congue vivendo in. Ad adhuc definitionem vel. Nam epicurei vivendum in, ad inermis pericula usu.\n\nUsu ei sonet partem quodsi, vis ea labores accusata. Sonet dolorem splendide vix cu, et aliquip tincidunt quo. Pro ei illum partiendo interesset, ad eum hinc admodum civibus. Bonorum accusamus pro te. Sea cu copiosae invidunt quaerendum, eu lorem explicari est. Sit no oratio iudicabit, mea duis dicta accusamus ea.\n'),
(25,	12,	3,	'BOR-12 - # 3',	'30',	'15',	'10',	'Lorem ipsum dolor sit amet, eos zril noster appareat et. Eum et hinc aeterno tritani, per id lorem copiosae. Sed mollis alterum interesset eu, facer scripserit theophrastus quo eu, eum civibus deleniti at. Fugit tractatos consequuntur pro ex, ius integre incorrupte disputando et. An pro unum cibo dolore, no ius ceteros liberavisse, eum congue vivendo in. Ad adhuc definitionem vel. Nam epicurei vivendum in, ad inermis pericula usu.\n\nUsu ei sonet partem quodsi, vis ea labores accusata. Sonet dolorem splendide vix cu, et aliquip tincidunt quo. Pro ei illum partiendo interesset, ad eum hinc admodum civibus. Bonorum accusamus pro te. Sea cu copiosae invidunt quaerendum, eu lorem explicari est. Sit no oratio iudicabit, mea duis dicta accusamus ea.\n',	'Lorem ipsum dolor sit amet, eos zril noster appareat et. Eum et hinc aeterno tritani, per id lorem copiosae. Sed mollis alterum interesset eu, facer scripserit theophrastus quo eu, eum civibus deleniti at. Fugit tractatos consequuntur pro ex, ius integre incorrupte disputando et. An pro unum cibo dolore, no ius ceteros liberavisse, eum congue vivendo in. Ad adhuc definitionem vel. Nam epicurei vivendum in, ad inermis pericula usu.\n\nUsu ei sonet partem quodsi, vis ea labores accusata. Sonet dolorem splendide vix cu, et aliquip tincidunt quo. Pro ei illum partiendo interesset, ad eum hinc admodum civibus. Bonorum accusamus pro te. Sea cu copiosae invidunt quaerendum, eu lorem explicari est. Sit no oratio iudicabit, mea duis dicta accusamus ea.\n'),
(26,	13,	1,	'BOR-13 - # 1',	'57',	'42',	'37',	'Lorem ipsum dolor sit amet, eos zril noster appareat et. Eum et hinc aeterno tritani, per id lorem copiosae. Sed mollis alterum interesset eu, facer scripserit theophrastus quo eu, eum civibus deleniti at. Fugit tractatos consequuntur pro ex, ius integre incorrupte disputando et. An pro unum cibo dolore, no ius ceteros liberavisse, eum congue vivendo in. Ad adhuc definitionem vel. Nam epicurei vivendum in, ad inermis pericula usu.\n\nUsu ei sonet partem quodsi, vis ea labores accusata. Sonet dolorem splendide vix cu, et aliquip tincidunt quo. Pro ei illum partiendo interesset, ad eum hinc admodum civibus. Bonorum accusamus pro te. Sea cu copiosae invidunt quaerendum, eu lorem explicari est. Sit no oratio iudicabit, mea duis dicta accusamus ea.\n',	'Lorem ipsum dolor sit amet, eos zril noster appareat et. Eum et hinc aeterno tritani, per id lorem copiosae. Sed mollis alterum interesset eu, facer scripserit theophrastus quo eu, eum civibus deleniti at. Fugit tractatos consequuntur pro ex, ius integre incorrupte disputando et. An pro unum cibo dolore, no ius ceteros liberavisse, eum congue vivendo in. Ad adhuc definitionem vel. Nam epicurei vivendum in, ad inermis pericula usu.\n\nUsu ei sonet partem quodsi, vis ea labores accusata. Sonet dolorem splendide vix cu, et aliquip tincidunt quo. Pro ei illum partiendo interesset, ad eum hinc admodum civibus. Bonorum accusamus pro te. Sea cu copiosae invidunt quaerendum, eu lorem explicari est. Sit no oratio iudicabit, mea duis dicta accusamus ea.\n'),
(27,	13,	2,	'BOR-13 - # 2',	'32',	'17',	'12',	'Lorem ipsum dolor sit amet, eos zril noster appareat et. Eum et hinc aeterno tritani, per id lorem copiosae. Sed mollis alterum interesset eu, facer scripserit theophrastus quo eu, eum civibus deleniti at. Fugit tractatos consequuntur pro ex, ius integre incorrupte disputando et. An pro unum cibo dolore, no ius ceteros liberavisse, eum congue vivendo in. Ad adhuc definitionem vel. Nam epicurei vivendum in, ad inermis pericula usu.\n\nUsu ei sonet partem quodsi, vis ea labores accusata. Sonet dolorem splendide vix cu, et aliquip tincidunt quo. Pro ei illum partiendo interesset, ad eum hinc admodum civibus. Bonorum accusamus pro te. Sea cu copiosae invidunt quaerendum, eu lorem explicari est. Sit no oratio iudicabit, mea duis dicta accusamus ea.\n',	'Lorem ipsum dolor sit amet, eos zril noster appareat et. Eum et hinc aeterno tritani, per id lorem copiosae. Sed mollis alterum interesset eu, facer scripserit theophrastus quo eu, eum civibus deleniti at. Fugit tractatos consequuntur pro ex, ius integre incorrupte disputando et. An pro unum cibo dolore, no ius ceteros liberavisse, eum congue vivendo in. Ad adhuc definitionem vel. Nam epicurei vivendum in, ad inermis pericula usu.\n\nUsu ei sonet partem quodsi, vis ea labores accusata. Sonet dolorem splendide vix cu, et aliquip tincidunt quo. Pro ei illum partiendo interesset, ad eum hinc admodum civibus. Bonorum accusamus pro te. Sea cu copiosae invidunt quaerendum, eu lorem explicari est. Sit no oratio iudicabit, mea duis dicta accusamus ea.\n'),
(28,	14,	1,	'BOR-14 - # 1',	'34',	'19',	'14',	'Lorem ipsum dolor sit amet, eos zril noster appareat et. Eum et hinc aeterno tritani, per id lorem copiosae. Sed mollis alterum interesset eu, facer scripserit theophrastus quo eu, eum civibus deleniti at. Fugit tractatos consequuntur pro ex, ius integre incorrupte disputando et. An pro unum cibo dolore, no ius ceteros liberavisse, eum congue vivendo in. Ad adhuc definitionem vel. Nam epicurei vivendum in, ad inermis pericula usu.\n\nUsu ei sonet partem quodsi, vis ea labores accusata. Sonet dolorem splendide vix cu, et aliquip tincidunt quo. Pro ei illum partiendo interesset, ad eum hinc admodum civibus. Bonorum accusamus pro te. Sea cu copiosae invidunt quaerendum, eu lorem explicari est. Sit no oratio iudicabit, mea duis dicta accusamus ea.\n',	'Lorem ipsum dolor sit amet, eos zril noster appareat et. Eum et hinc aeterno tritani, per id lorem copiosae. Sed mollis alterum interesset eu, facer scripserit theophrastus quo eu, eum civibus deleniti at. Fugit tractatos consequuntur pro ex, ius integre incorrupte disputando et. An pro unum cibo dolore, no ius ceteros liberavisse, eum congue vivendo in. Ad adhuc definitionem vel. Nam epicurei vivendum in, ad inermis pericula usu.\n\nUsu ei sonet partem quodsi, vis ea labores accusata. Sonet dolorem splendide vix cu, et aliquip tincidunt quo. Pro ei illum partiendo interesset, ad eum hinc admodum civibus. Bonorum accusamus pro te. Sea cu copiosae invidunt quaerendum, eu lorem explicari est. Sit no oratio iudicabit, mea duis dicta accusamus ea.\n'),
(29,	14,	2,	'BOR-14 - # 2',	'62',	'47',	'42',	'Lorem ipsum dolor sit amet, eos zril noster appareat et. Eum et hinc aeterno tritani, per id lorem copiosae. Sed mollis alterum interesset eu, facer scripserit theophrastus quo eu, eum civibus deleniti at. Fugit tractatos consequuntur pro ex, ius integre incorrupte disputando et. An pro unum cibo dolore, no ius ceteros liberavisse, eum congue vivendo in. Ad adhuc definitionem vel. Nam epicurei vivendum in, ad inermis pericula usu.\n\nUsu ei sonet partem quodsi, vis ea labores accusata. Sonet dolorem splendide vix cu, et aliquip tincidunt quo. Pro ei illum partiendo interesset, ad eum hinc admodum civibus. Bonorum accusamus pro te. Sea cu copiosae invidunt quaerendum, eu lorem explicari est. Sit no oratio iudicabit, mea duis dicta accusamus ea.\n',	'Lorem ipsum dolor sit amet, eos zril noster appareat et. Eum et hinc aeterno tritani, per id lorem copiosae. Sed mollis alterum interesset eu, facer scripserit theophrastus quo eu, eum civibus deleniti at. Fugit tractatos consequuntur pro ex, ius integre incorrupte disputando et. An pro unum cibo dolore, no ius ceteros liberavisse, eum congue vivendo in. Ad adhuc definitionem vel. Nam epicurei vivendum in, ad inermis pericula usu.\n\nUsu ei sonet partem quodsi, vis ea labores accusata. Sonet dolorem splendide vix cu, et aliquip tincidunt quo. Pro ei illum partiendo interesset, ad eum hinc admodum civibus. Bonorum accusamus pro te. Sea cu copiosae invidunt quaerendum, eu lorem explicari est. Sit no oratio iudicabit, mea duis dicta accusamus ea.\n'),
(30,	14,	3,	'BOR-14 - # 3',	'60',	'45',	'40',	'Lorem ipsum dolor sit amet, eos zril noster appareat et. Eum et hinc aeterno tritani, per id lorem copiosae. Sed mollis alterum interesset eu, facer scripserit theophrastus quo eu, eum civibus deleniti at. Fugit tractatos consequuntur pro ex, ius integre incorrupte disputando et. An pro unum cibo dolore, no ius ceteros liberavisse, eum congue vivendo in. Ad adhuc definitionem vel. Nam epicurei vivendum in, ad inermis pericula usu.\n\nUsu ei sonet partem quodsi, vis ea labores accusata. Sonet dolorem splendide vix cu, et aliquip tincidunt quo. Pro ei illum partiendo interesset, ad eum hinc admodum civibus. Bonorum accusamus pro te. Sea cu copiosae invidunt quaerendum, eu lorem explicari est. Sit no oratio iudicabit, mea duis dicta accusamus ea.\n',	'Lorem ipsum dolor sit amet, eos zril noster appareat et. Eum et hinc aeterno tritani, per id lorem copiosae. Sed mollis alterum interesset eu, facer scripserit theophrastus quo eu, eum civibus deleniti at. Fugit tractatos consequuntur pro ex, ius integre incorrupte disputando et. An pro unum cibo dolore, no ius ceteros liberavisse, eum congue vivendo in. Ad adhuc definitionem vel. Nam epicurei vivendum in, ad inermis pericula usu.\n\nUsu ei sonet partem quodsi, vis ea labores accusata. Sonet dolorem splendide vix cu, et aliquip tincidunt quo. Pro ei illum partiendo interesset, ad eum hinc admodum civibus. Bonorum accusamus pro te. Sea cu copiosae invidunt quaerendum, eu lorem explicari est. Sit no oratio iudicabit, mea duis dicta accusamus ea.\n'),
(31,	15,	1,	'BOR-15 - # 1',	'52',	'37',	'32',	'Lorem ipsum dolor sit amet, eos zril noster appareat et. Eum et hinc aeterno tritani, per id lorem copiosae. Sed mollis alterum interesset eu, facer scripserit theophrastus quo eu, eum civibus deleniti at. Fugit tractatos consequuntur pro ex, ius integre incorrupte disputando et. An pro unum cibo dolore, no ius ceteros liberavisse, eum congue vivendo in. Ad adhuc definitionem vel. Nam epicurei vivendum in, ad inermis pericula usu.\n\nUsu ei sonet partem quodsi, vis ea labores accusata. Sonet dolorem splendide vix cu, et aliquip tincidunt quo. Pro ei illum partiendo interesset, ad eum hinc admodum civibus. Bonorum accusamus pro te. Sea cu copiosae invidunt quaerendum, eu lorem explicari est. Sit no oratio iudicabit, mea duis dicta accusamus ea.\n',	'Lorem ipsum dolor sit amet, eos zril noster appareat et. Eum et hinc aeterno tritani, per id lorem copiosae. Sed mollis alterum interesset eu, facer scripserit theophrastus quo eu, eum civibus deleniti at. Fugit tractatos consequuntur pro ex, ius integre incorrupte disputando et. An pro unum cibo dolore, no ius ceteros liberavisse, eum congue vivendo in. Ad adhuc definitionem vel. Nam epicurei vivendum in, ad inermis pericula usu.\n\nUsu ei sonet partem quodsi, vis ea labores accusata. Sonet dolorem splendide vix cu, et aliquip tincidunt quo. Pro ei illum partiendo interesset, ad eum hinc admodum civibus. Bonorum accusamus pro te. Sea cu copiosae invidunt quaerendum, eu lorem explicari est. Sit no oratio iudicabit, mea duis dicta accusamus ea.\n'),
(32,	15,	2,	'BOR-15 - # 2',	'34',	'19',	'14',	'Lorem ipsum dolor sit amet, eos zril noster appareat et. Eum et hinc aeterno tritani, per id lorem copiosae. Sed mollis alterum interesset eu, facer scripserit theophrastus quo eu, eum civibus deleniti at. Fugit tractatos consequuntur pro ex, ius integre incorrupte disputando et. An pro unum cibo dolore, no ius ceteros liberavisse, eum congue vivendo in. Ad adhuc definitionem vel. Nam epicurei vivendum in, ad inermis pericula usu.\n\nUsu ei sonet partem quodsi, vis ea labores accusata. Sonet dolorem splendide vix cu, et aliquip tincidunt quo. Pro ei illum partiendo interesset, ad eum hinc admodum civibus. Bonorum accusamus pro te. Sea cu copiosae invidunt quaerendum, eu lorem explicari est. Sit no oratio iudicabit, mea duis dicta accusamus ea.\n',	'Lorem ipsum dolor sit amet, eos zril noster appareat et. Eum et hinc aeterno tritani, per id lorem copiosae. Sed mollis alterum interesset eu, facer scripserit theophrastus quo eu, eum civibus deleniti at. Fugit tractatos consequuntur pro ex, ius integre incorrupte disputando et. An pro unum cibo dolore, no ius ceteros liberavisse, eum congue vivendo in. Ad adhuc definitionem vel. Nam epicurei vivendum in, ad inermis pericula usu.\n\nUsu ei sonet partem quodsi, vis ea labores accusata. Sonet dolorem splendide vix cu, et aliquip tincidunt quo. Pro ei illum partiendo interesset, ad eum hinc admodum civibus. Bonorum accusamus pro te. Sea cu copiosae invidunt quaerendum, eu lorem explicari est. Sit no oratio iudicabit, mea duis dicta accusamus ea.\n'),
(33,	15,	3,	'BOR-15 - # 3',	'42',	'27',	'22',	'Lorem ipsum dolor sit amet, eos zril noster appareat et. Eum et hinc aeterno tritani, per id lorem copiosae. Sed mollis alterum interesset eu, facer scripserit theophrastus quo eu, eum civibus deleniti at. Fugit tractatos consequuntur pro ex, ius integre incorrupte disputando et. An pro unum cibo dolore, no ius ceteros liberavisse, eum congue vivendo in. Ad adhuc definitionem vel. Nam epicurei vivendum in, ad inermis pericula usu.\n\nUsu ei sonet partem quodsi, vis ea labores accusata. Sonet dolorem splendide vix cu, et aliquip tincidunt quo. Pro ei illum partiendo interesset, ad eum hinc admodum civibus. Bonorum accusamus pro te. Sea cu copiosae invidunt quaerendum, eu lorem explicari est. Sit no oratio iudicabit, mea duis dicta accusamus ea.\n',	'Lorem ipsum dolor sit amet, eos zril noster appareat et. Eum et hinc aeterno tritani, per id lorem copiosae. Sed mollis alterum interesset eu, facer scripserit theophrastus quo eu, eum civibus deleniti at. Fugit tractatos consequuntur pro ex, ius integre incorrupte disputando et. An pro unum cibo dolore, no ius ceteros liberavisse, eum congue vivendo in. Ad adhuc definitionem vel. Nam epicurei vivendum in, ad inermis pericula usu.\n\nUsu ei sonet partem quodsi, vis ea labores accusata. Sonet dolorem splendide vix cu, et aliquip tincidunt quo. Pro ei illum partiendo interesset, ad eum hinc admodum civibus. Bonorum accusamus pro te. Sea cu copiosae invidunt quaerendum, eu lorem explicari est. Sit no oratio iudicabit, mea duis dicta accusamus ea.\n'),
(108,	1,	1,	'Director1',	'24',	'5',	'25 years',	'dfdsfvsdgfsgfgf',	'adadads'),
(112,	16,	1,	'Venkatanarayanan',	'49',	'1989',	'26',	'',	'Over 25 years of experience in the IT Industry. Has worked extensively in Logistics, Banking and Financial domains. ');

DROP TABLE IF EXISTS `borrower_docs_required`;
CREATE TABLE `borrower_docs_required` (
  `document_id` int(11) NOT NULL AUTO_INCREMENT,
  `document_name` varchar(60) NOT NULL,
  `document_description` varchar(1000) DEFAULT NULL,
  `is_mandatory` int(11) DEFAULT NULL,
  PRIMARY KEY (`document_id`)
) ENGINE=InnoDB DEFAULT CHARSET=latin1;


DROP TABLE IF EXISTS `borrower_docs_submitted`;
CREATE TABLE `borrower_docs_submitted` (
  `doc_submitted_id` int(11) NOT NULL AUTO_INCREMENT,
  `document_id` int(11) NOT NULL,
  `borrower_id` int(11) DEFAULT NULL,
  `path_to_document` varchar(255) DEFAULT NULL,
  `is_verified` int(11) NOT NULL COMMENT '1 -> Not Verified\n2 -> Verified',
  PRIMARY KEY (`doc_submitted_id`),
  KEY `fk_borrower_docs_submitted_borrower_docs_required1_idx` (`document_id`),
  KEY `fk_borrower_docs_submitted_borrowers1_idx` (`borrower_id`),
  CONSTRAINT `fk_borrower_docs_submitted_borrowers1` FOREIGN KEY (`borrower_id`) REFERENCES `borrowers` (`borrower_id`) ON DELETE NO ACTION ON UPDATE NO ACTION,
  CONSTRAINT `fk_borrower_docs_submitted_borrower_docs_required1` FOREIGN KEY (`document_id`) REFERENCES `borrower_docs_required` (`document_id`) ON DELETE NO ACTION ON UPDATE NO ACTION
) ENGINE=InnoDB DEFAULT CHARSET=latin1;


DROP TABLE IF EXISTS `borrower_financial_info`;
CREATE TABLE `borrower_financial_info` (
  `borrower_financial_info_id` int(11) NOT NULL AUTO_INCREMENT,
  `borrower_id` int(11) DEFAULT NULL,
  `indicator_name` varchar(50) DEFAULT NULL,
  `indicator_value` decimal(20,6) DEFAULT NULL,
  `currency` varchar(4) DEFAULT NULL,
  PRIMARY KEY (`borrower_financial_info_id`)
) ENGINE=InnoDB DEFAULT CHARSET=latin1;

INSERT INTO `borrower_financial_info` (`borrower_financial_info_id`, `borrower_id`, `indicator_name`, `indicator_value`, `currency`) VALUES
(29,	3,	'Gross Profit',	405000.000000,	'SGD'),
(30,	3,	'EBIT',	230000.000000,	NULL),
(31,	3,	'Net Profit (Loss)',	20000.000000,	NULL),
(32,	3,	'Total Asset',	400000.000000,	NULL),
(33,	3,	'Total Liabilities',	275000.000000,	NULL),
(34,	3,	'Total Liabilities & Assets',	675000.000000,	NULL),
(35,	3,	'Total Asset Turnover',	30.000000,	NULL),
(71,	1,	'Gross Profit',	0.000000,	NULL),
(72,	1,	'EBIT',	0.000000,	NULL),
(73,	1,	'Net Profit (Loss)',	0.000000,	NULL),
(74,	1,	'Total Asset',	0.000000,	NULL),
(75,	1,	'Total Liabilities',	0.000000,	NULL),
(76,	1,	'Total Liabilities & Assets',	0.000000,	NULL),
(77,	1,	'Total Asset Turnover',	0.000000,	NULL),
(106,	16,	'Gross Profit',	4000000.000000,	NULL),
(107,	16,	'EBIT',	3000000.000000,	NULL),
(108,	16,	'Net Profit (Loss)',	2000000.000000,	NULL),
(109,	16,	'Total Asset',	150000.000000,	NULL),
(110,	16,	'Total Liabilities',	750000.000000,	NULL),
(111,	16,	'Total Liabilities & Assets',	900000.000000,	NULL),
(112,	16,	'Total Asset Turnover',	12349231408.000000,	NULL);

DROP TABLE IF EXISTS `borrower_financial_ratios`;
CREATE TABLE `borrower_financial_ratios` (
  `borrower_financial_ratios_id` int(11) NOT NULL AUTO_INCREMENT,
  `borrower_id` int(11) NOT NULL,
  `ratio_name` varchar(50) DEFAULT NULL,
  `ratio_value_current_year` decimal(10,2) DEFAULT NULL,
  `ratio_value_previous_year` decimal(10,2) DEFAULT NULL,
  PRIMARY KEY (`borrower_financial_ratios_id`)
) ENGINE=InnoDB DEFAULT CHARSET=latin1;

INSERT INTO `borrower_financial_ratios` (`borrower_financial_ratios_id`, `borrower_id`, `ratio_name`, `ratio_value_current_year`, `ratio_value_previous_year`) VALUES
(43,	3,	'Revenue Growth',	200.00,	210.00),
(44,	3,	'Gross Margin',	15.00,	17.00),
(45,	3,	'Net Margin',	19.00,	19.50),
(46,	3,	'Return On Net Worth ',	14.75,	15.23),
(47,	3,	'Receivables Turnover',	12.30,	15.10),
(48,	3,	'Inventory Turnover',	10.13,	12.45),
(49,	3,	'Total asset Turnover',	3.45,	4.45),
(78,	1,	'Revenue Growth',	0.00,	0.00),
(79,	1,	'Gross Margin',	0.00,	0.00),
(80,	1,	'Net Margin',	0.00,	0.00),
(81,	1,	'Return On Net Worth ',	0.00,	0.00),
(82,	1,	'Receivables Turnover',	0.00,	0.00),
(83,	1,	'Inventory Turnover',	0.00,	0.00),
(84,	1,	'Total asset Turnover',	0.00,	0.00),
(113,	16,	'Revenue Growth',	35.00,	20.00),
(114,	16,	'Gross Margin',	45.00,	40.00),
(115,	16,	'Net Margin',	55.00,	45.00),
(116,	16,	'Return On Net Worth ',	12.00,	10.00),
(117,	16,	'Receivables Turnover',	4.00,	2.00),
(118,	16,	'Inventory Turnover',	0.00,	0.00),
(119,	16,	'Total asset Turnover',	250.00,	200.00);

DROP TABLE IF EXISTS `borrower_repayments`;
CREATE TABLE `borrower_repayments` (
  `repayment_id` int(11) NOT NULL AUTO_INCREMENT,
  `loan_id` int(11) DEFAULT NULL,
  `trans_date` date DEFAULT NULL,
  `borrower_id` int(11) DEFAULT NULL,
  `repayment_schedule_id` int(11) DEFAULT NULL,
  `amount_paid` decimal(20,8) DEFAULT NULL,
  `interest_paid` decimal(20,8) DEFAULT NULL,
  `principal_paid` decimal(20,8) DEFAULT NULL,
  `penalty_paid` decimal(20,8) DEFAULT NULL,
  `payment_id` int(11) DEFAULT NULL,
  `status` int(11) DEFAULT NULL,
  `remarks` longtext,
  PRIMARY KEY (`repayment_id`),
  KEY `fk_borrower_repayments_loans1_idx` (`loan_id`),
  KEY `fk_borrower_repayments_borrowers1_idx` (`borrower_id`),
  CONSTRAINT `fk_borrower_repayments_borrowers1` FOREIGN KEY (`borrower_id`) REFERENCES `borrowers` (`borrower_id`) ON DELETE NO ACTION ON UPDATE NO ACTION,
  CONSTRAINT `fk_borrower_repayments_loans1` FOREIGN KEY (`loan_id`) REFERENCES `loans` (`loan_id`) ON DELETE NO ACTION ON UPDATE NO ACTION
) ENGINE=InnoDB DEFAULT CHARSET=latin1;

INSERT INTO `borrower_repayments` (`repayment_id`, `loan_id`, `trans_date`, `borrower_id`, `repayment_schedule_id`, `amount_paid`, `interest_paid`, `principal_paid`, `penalty_paid`, `payment_id`, `status`, `remarks`) VALUES
(1,	1,	'2016-02-03',	1,	1,	20270.00000000,	2007.00000000,	18264.00000000,	0.00000000,	16,	2,	' '),
(2,	1,	'2016-03-03',	1,	2,	20270.00000000,	1847.00000000,	18424.00000000,	0.00000000,	17,	2,	' '),
(3,	2,	'2016-02-03',	2,	13,	13185.26000000,	1246.25000000,	11939.01000000,	0.00000000,	18,	2,	' '),
(4,	2,	'2016-03-03',	2,	14,	13185.26000000,	1147.06000000,	12038.20000000,	0.00000000,	19,	2,	' '),
(5,	3,	'2016-02-03',	2,	25,	15466.00000000,	2083.33000000,	13382.67000000,	0.00000000,	20,	2,	' '),
(6,	3,	'2016-03-03',	2,	26,	15466.00000000,	1971.81000000,	13494.19000000,	0.00000000,	21,	2,	' '),
(7,	4,	'2016-02-03',	2,	37,	19833.44000000,	1968.75000000,	17864.69000000,	0.00000000,	22,	2,	' '),
(8,	4,	'2016-03-03',	2,	38,	19833.44000000,	1812.43000000,	18021.01000000,	0.00000000,	23,	2,	' '),
(9,	5,	'2016-02-03',	3,	49,	17676.00000000,	1833.33000000,	15843.00000000,	0.00000000,	24,	2,	' '),
(11,	6,	'2016-02-03',	4,	61,	34980.59000000,	3000.00000000,	31980.59000000,	0.00000000,	26,	2,	' '),
(12,	6,	'2016-03-03',	4,	62,	34980.59000000,	3220.17000000,	31760.42000000,	0.00000000,	27,	2,	' '),
(13,	7,	'2016-02-03',	4,	73,	25958.02000000,	1750.00000000,	24208.02000000,	0.00000000,	28,	2,	' '),
(14,	7,	'2016-03-03',	4,	74,	25958.02000000,	2413.18000000,	23544.84000000,	0.00000000,	29,	2,	' '),
(15,	8,	'2016-03-03',	4,	85,	17490.30000000,	1500.00000000,	15990.30000000,	0.00000000,	30,	2,	' '),
(16,	9,	'2016-03-03',	5,	97,	13048.26000000,	1000.00000000,	12048.26000000,	0.00000000,	31,	2,	' '),
(20,	5,	'2016-03-31',	3,	50,	17970.04171812,	771.44000000,	16858.28000000,	340.32171812,	0,	1,	'Paid						'),
(21,	5,	'2016-03-31',	3,	50,	17970.04171812,	771.44000000,	16858.28000000,	340.32171812,	0,	1,	'Ref 5 paid'),
(23,	5,	'2016-03-31',	3,	50,	17970.04171812,	771.44000000,	16858.28000000,	340.32171812,	0,	1,	'Remarks loan 5					'),
(24,	5,	'2016-03-31',	3,	50,	17970.04171812,	771.44000000,	16858.28000000,	340.32171812,	0,	1,	'										test remarks'),
(26,	5,	'2016-03-31',	3,	50,	17970.04171812,	771.44000000,	16858.28000000,	340.32171812,	0,	1,	'										submit'),
(27,	5,	'2016-03-31',	3,	50,	17970.04171812,	771.44000000,	16858.28000000,	340.32171812,	0,	1,	'										remarks'),
(28,	5,	'2016-03-31',	3,	50,	17970.04171812,	771.44000000,	16858.28000000,	340.32171812,	36,	1,	'										Final Submit Approval');

DROP TABLE IF EXISTS `business_organisations`;
CREATE TABLE `business_organisations` (
  `bo_id` int(11) NOT NULL,
  `bo_name` varchar(60) NOT NULL,
  `bo_borrowing_allowed` int(11) NOT NULL,
  PRIMARY KEY (`bo_id`)
) ENGINE=InnoDB DEFAULT CHARSET=latin1;

INSERT INTO `business_organisations` (`bo_id`, `bo_name`, `bo_borrowing_allowed`) VALUES
(1,	'Sole proprietorship',	0),
(2,	'Partnership',	0),
(3,	'Private Limited',	1),
(4,	'Limited Liability Partnership',	1),
(5,	'Limited Partnership',	0),
(6,	'Limited Liability Corporation',	1);

DROP TABLE IF EXISTS `challenge_questions`;
CREATE TABLE `challenge_questions` (
  `challenge_id` int(11) NOT NULL AUTO_INCREMENT,
  `challenge_text` varchar(100) DEFAULT NULL,
  PRIMARY KEY (`challenge_id`)
) ENGINE=InnoDB DEFAULT CHARSET=latin1;


DROP TABLE IF EXISTS `codelist_details`;
CREATE TABLE `codelist_details` (
  `codelist_id` int(11) NOT NULL,
  `codelist_code` varchar(45) NOT NULL,
  `codelist_value` varchar(100) DEFAULT NULL,
  `expression` varchar(100) DEFAULT NULL,
  PRIMARY KEY (`codelist_id`,`codelist_code`)
) ENGINE=InnoDB DEFAULT CHARSET=latin1;

INSERT INTO `codelist_details` (`codelist_id`, `codelist_code`, `codelist_value`, `expression`) VALUES
(1,	'1',	'Unverified',	NULL),
(1,	'2',	'Verified',	NULL),
(2,	'1',	'New ',	NULL),
(2,	'2',	'Submitted for Approval',	NULL),
(2,	'3',	'Comments by Admin',	NULL),
(2,	'4',	'Verified',	NULL),
(6,	'1',	'Open Bid',	NULL),
(6,	'2',	'Closed Bid',	NULL),
(6,	'3',	'Fixed Interest',	NULL),
(7,	'1',	'New ',	NULL),
(7,	'2',	'Submitted for Approval',	NULL),
(7,	'3',	'Approved',	NULL),
(7,	'4',	'Pending Comments',	NULL),
(7,	'5',	'Closed for Bids',	NULL),
(7,	'6',	'Disbursed',	NULL),
(7,	'7',	'Unsuccessful Loan',	NULL),
(7,	'8',	'Cancelled',	NULL),
(7,	'9',	'Repayment Complete',	NULL),
(8,	'1',	'One Time Bullet',	NULL),
(8,	'2',	'Interest Only',	NULL),
(8,	'3',	'EMI',	NULL),
(10,	'1',	'Loan Disbursement',	NULL),
(10,	'2',	'Loan Repayment',	NULL),
(10,	'3',	'Investor Deposit',	NULL),
(10,	'4',	'Investor Withdrawal',	NULL),
(11,	'1',	'Unverified',	NULL),
(11,	'2',	'Verified',	NULL),
(12,	'1',	'Borrower',	NULL),
(12,	'2',	'Investor',	NULL),
(12,	'3',	'System',	NULL),
(13,	'1',	'Revenue Growth',	NULL),
(13,	'2',	'Gross Margin',	NULL),
(13,	'3',	'Net Margin',	NULL),
(13,	'4',	'Return On Net Worth ',	NULL),
(13,	'5',	'Receivables Turnover',	NULL),
(13,	'6',	'Inventory Turnover',	NULL),
(13,	'7',	'Total asset Turnover',	NULL),
(14,	'1',	'Gross Profit',	NULL),
(14,	'2',	'EBIT',	NULL),
(14,	'3',	'Net Profit (Loss)',	NULL),
(14,	'4',	'Total Asset',	NULL),
(14,	'5',	'Total Liabilities',	NULL),
(14,	'6',	'Total Liabilities & Assets',	NULL),
(14,	'7',	'Total Asset Turnover',	NULL),
(15,	'1',	'Food Industry',	NULL),
(15,	'10',	'Marketing ',	NULL),
(15,	'11',	'Transport Industry',	NULL),
(15,	'2',	'Automobile',	NULL),
(15,	'3',	'Retail',	NULL),
(15,	'4',	'Business Services',	NULL),
(15,	'5',	'Consumer Services',	NULL),
(15,	'6',	'Manufacturing',	NULL),
(15,	'7',	'Engineering',	NULL),
(15,	'8',	'Hospitality',	NULL),
(15,	'9',	'Holiday & Tourism',	NULL),
(16,	'1',	'Equipment Purchase',	NULL),
(16,	'2',	'Business Expansion',	NULL),
(16,	'3',	'Inventory Purchase',	NULL),
(16,	'4',	'Marketing ',	NULL),
(16,	'5',	'Refinancing ',	NULL),
(16,	'6',	'Working Capital',	NULL),
(16,	'7',	'Other Business Purposes',	NULL),
(17,	'1',	'Less than 7%',	'< 7'),
(17,	'2',	'Between 7% and 10%',	'Between 7 and 9.99'),
(17,	'3',	'Between 10% and 12%',	'Between 10 and 11.99'),
(17,	'4',	'Between 12% and 15%',	'Between 12 and 14.99'),
(17,	'5',	'Between 15% and 17%',	'Between 15 and 16.99'),
(17,	'6',	'More than 17%',	'> 16.99'),
(17,	'7',	'Interest Rate',	'all'),
(18,	'1',	'Less than S$ 50k',	'< 50000'),
(18,	'2',	'Between S$ 50k and S$ 75k',	'Between 50000 and 74999'),
(18,	'3',	'Between S$ 75k and S$ 100k',	'Between 75000 and 99999'),
(18,	'4',	'Between S$ 100k and S$ 125k',	'Between 100000 and 124999'),
(18,	'5',	'Between S$ 125k and S$ 150k',	'Between 125000 and 149999'),
(18,	'6',	'More than S$ 150k',	'> 149999'),
(18,	'7',	'Loan Amount',	'all'),
(19,	'1',	'3 Months',	'= 3'),
(19,	'2',	'6 Months',	' = 6'),
(19,	'3',	'9 Months',	'= 9'),
(19,	'4',	'12 Months',	'= 12'),
(19,	'5',	'Loan Tenure',	'all'),
(20,	'1',	'A',	'= \'A\''),
(20,	'2',	'B',	'= \'B\''),
(20,	'3',	'C',	'= \'C\''),
(20,	'4',	'D',	'= \'D\''),
(20,	'5',	'E',	'= \'E\''),
(20,	'6',	'Borrower Grade',	'all'),
(21,	'1',	'Bidded',	NULL),
(21,	'2',	'Bid Accepted',	NULL),
(21,	'3',	'Bid Not Accepted',	NULL),
(21,	'4',	'Cancelled',	NULL),
(22,	'1',	'Applied',	NULL),
(22,	'2',	'Accepted',	NULL),
(22,	'3',	'Rejected',	NULL),
(23,	'1',	'Unverified',	NULL),
(23,	'2',	'Verified',	NULL),
(24,	'0',	'Inactive',	NULL),
(24,	'1',	'Active',	NULL),
(25,	'1',	'Unpaid',	NULL),
(25,	'2',	'Paid',	NULL);

DROP TABLE IF EXISTS `codelist_master`;
CREATE TABLE `codelist_master` (
  `codelist_id` int(11) NOT NULL AUTO_INCREMENT,
  `codelist_name` varchar(60) DEFAULT NULL,
  PRIMARY KEY (`codelist_id`)
) ENGINE=InnoDB DEFAULT CHARSET=latin1;

INSERT INTO `codelist_master` (`codelist_id`, `codelist_name`) VALUES
(1,	'User Status'),
(2,	'Borrower Status'),
(3,	'Investor Status'),
(5,	'Business Organisation'),
(6,	'Loan Bid Type'),
(7,	'Loan Approval Status'),
(8,	'Loan Repayment Type'),
(9,	'Loan Doc Status'),
(10,	'Payment Trans Type'),
(11,	'Payment Status'),
(12,	'User Type'),
(13,	'Financial Ratios'),
(14,	'Financial Numbers'),
(15,	'Industries'),
(16,	'Loan Purposes'),
(17,	'Interest Rate Filter'),
(18,	'Loan Amount Filter'),
(19,	'Loan Tenure Filter'),
(20,	'Borrower Grades'),
(21,	'Bid Status'),
(22,	'Investment Status'),
(23,	'Bank Verified Status'),
(24,	'Active Status'),
(25,	'Repayment Status');

DROP TABLE IF EXISTS `disbursements`;
CREATE TABLE `disbursements` (
  `disbursement_id` int(11) NOT NULL AUTO_INCREMENT,
  `disbursement_date` date DEFAULT NULL,
  `loan_id` int(11) DEFAULT NULL,
  `borrower_id` int(11) DEFAULT NULL,
  `amount_disbursed` decimal(20,8) DEFAULT NULL,
  `currency` varchar(4) DEFAULT NULL,
  `fixed_fees_levied` decimal(20,8) DEFAULT NULL,
  `fees_percent_levied` decimal(6,2) DEFAULT NULL,
  `total_fees_levied` decimal(20,8) DEFAULT NULL,
  `payment_id` int(11) DEFAULT NULL,
  `remarks` longtext,
  `status` int(11) DEFAULT NULL,
  PRIMARY KEY (`disbursement_id`),
  KEY `fk_disbursements_loans1_idx` (`loan_id`),
  KEY `fk_disbursements_borrowers1_idx` (`borrower_id`),
  KEY `fk_disbursements_payments1_idx` (`payment_id`),
  CONSTRAINT `fk_disbursements_borrowers1` FOREIGN KEY (`borrower_id`) REFERENCES `borrowers` (`borrower_id`) ON DELETE NO ACTION ON UPDATE NO ACTION,
  CONSTRAINT `fk_disbursements_loans1` FOREIGN KEY (`loan_id`) REFERENCES `loans` (`loan_id`) ON DELETE NO ACTION ON UPDATE NO ACTION,
  CONSTRAINT `fk_disbursements_payments1` FOREIGN KEY (`payment_id`) REFERENCES `payments` (`payment_id`) ON DELETE NO ACTION ON UPDATE NO ACTION
) ENGINE=InnoDB DEFAULT CHARSET=latin1;

INSERT INTO `disbursements` (`disbursement_id`, `disbursement_date`, `loan_id`, `borrower_id`, `amount_disbursed`, `currency`, `fixed_fees_levied`, `fees_percent_levied`, `total_fees_levied`, `payment_id`, `remarks`, `status`) VALUES
(1,	'2016-01-01',	1,	1,	144000.00000000,	'SGD',	NULL,	4.00,	6000.00000000,	1,	NULL,	2),
(2,	'2016-01-01',	2,	2,	240000.00000000,	'SGD',	NULL,	4.00,	1000.00000000,	2,	NULL,	2),
(3,	'2016-01-01',	3,	2,	168000.00000000,	'SGD',	NULL,	4.00,	7000.00000000,	3,	NULL,	2),
(4,	'2016-01-01',	4,	2,	216000.00000000,	'SGD',	NULL,	4.00,	9000.00000000,	4,	NULL,	2),
(5,	'2016-01-01',	5,	3,	192000.00000000,	'SGD',	NULL,	4.00,	8000.00000000,	5,	NULL,	2),
(6,	'2016-01-01',	6,	4,	384000.00000000,	'SGD',	NULL,	4.00,	16000.00000000,	6,	NULL,	2),
(7,	'2016-02-02',	7,	4,	288000.00000000,	'SGD',	NULL,	4.00,	12000.00000000,	7,	NULL,	2),
(8,	'2016-02-05',	8,	4,	192000.00000000,	'SGD',	NULL,	4.00,	8000.00000000,	8,	NULL,	2),
(9,	'2016-02-05',	9,	5,	144000.00000000,	'SGD',	NULL,	4.00,	6000.00000000,	9,	NULL,	2),
(10,	'2016-03-01',	10,	6,	168000.00000000,	'SGD',	NULL,	4.00,	7000.00000000,	10,	NULL,	2),
(11,	'2016-03-01',	11,	7,	86400.00000000,	'SGD',	NULL,	4.00,	3600.00000000,	11,	NULL,	2),
(12,	'2016-03-01',	12,	7,	96000.00000000,	'SGD',	NULL,	4.00,	4000.00000000,	12,	NULL,	2),
(13,	'2016-03-01',	13,	7,	480000.00000000,	'SGD',	NULL,	4.00,	20000.00000000,	13,	NULL,	2),
(14,	'2016-03-01',	14,	8,	432000.00000000,	'SGD',	NULL,	4.00,	18000.00000000,	14,	NULL,	2),
(15,	'2016-03-01',	15,	9,	336000.00000000,	'SGD',	NULL,	4.00,	14000.00000000,	15,	NULL,	2);

DROP TABLE IF EXISTS `error_messages`;
CREATE TABLE `error_messages` (
  `error_id` int(11) NOT NULL AUTO_INCREMENT,
  `error_key` varchar(45) DEFAULT NULL,
  `error_text` varchar(45) DEFAULT NULL,
  PRIMARY KEY (`error_id`)
) ENGINE=InnoDB DEFAULT CHARSET=latin1;


DROP TABLE IF EXISTS `featured_loans`;
CREATE TABLE `featured_loans` (
  `featured_id` int(11) NOT NULL AUTO_INCREMENT,
  `loan_id` int(11) NOT NULL,
  `featured_fromdate` date DEFAULT NULL,
  `featured_todate` date DEFAULT NULL,
  PRIMARY KEY (`featured_id`)
) ENGINE=InnoDB DEFAULT CHARSET=latin1;

INSERT INTO `featured_loans` (`featured_id`, `loan_id`, `featured_fromdate`, `featured_todate`) VALUES
(1,	19,	'2016-03-01',	'2016-03-20'),
(2,	24,	'2016-03-10',	'2016-03-30'),
(3,	16,	'2016-02-20',	'2016-02-29');

DROP TABLE IF EXISTS `field_lov_link`;
CREATE TABLE `field_lov_link` (
  `lov_field_id` int(11) NOT NULL,
  `table_name` varchar(100) NOT NULL,
  `field_name` varchar(100) NOT NULL,
  `lov_id` int(11) DEFAULT NULL,
  PRIMARY KEY (`lov_field_id`)
) ENGINE=InnoDB DEFAULT CHARSET=latin1;


DROP TABLE IF EXISTS `investments`;
CREATE TABLE `investments` (
  `investment_id` int(11) NOT NULL AUTO_INCREMENT,
  `loan_id` int(11) DEFAULT NULL,
  `investor_id` int(11) DEFAULT NULL,
  `amount_invested` decimal(20,8) DEFAULT NULL,
  `currency` varchar(4) DEFAULT NULL,
  `investment_date` date DEFAULT NULL,
  `status` int(11) DEFAULT NULL,
  `remarks` longtext,
  PRIMARY KEY (`investment_id`),
  KEY `fk_investments_loans1_idx` (`loan_id`),
  CONSTRAINT `fk_investments_loans1` FOREIGN KEY (`loan_id`) REFERENCES `loans` (`loan_id`) ON DELETE NO ACTION ON UPDATE NO ACTION
) ENGINE=InnoDB DEFAULT CHARSET=latin1;

INSERT INTO `investments` (`investment_id`, `loan_id`, `investor_id`, `amount_invested`, `currency`, `investment_date`, `status`, `remarks`) VALUES
(1,	1,	1,	10000.00000000,	NULL,	'2015-11-20',	2,	NULL),
(2,	1,	2,	20000.00000000,	NULL,	'2015-11-21',	2,	NULL),
(3,	1,	3,	30000.00000000,	NULL,	'2015-11-22',	2,	NULL),
(4,	1,	4,	20000.00000000,	NULL,	'2015-11-23',	2,	NULL),
(5,	1,	5,	30000.00000000,	NULL,	'2015-11-24',	2,	NULL),
(6,	1,	2,	40000.00000000,	NULL,	'2015-11-30',	2,	NULL),
(7,	2,	3,	25000.00000000,	NULL,	'2015-11-15',	2,	NULL),
(8,	2,	4,	25000.00000000,	NULL,	'2015-11-20',	2,	NULL),
(9,	2,	1,	20000.00000000,	NULL,	'2015-11-22',	2,	NULL),
(10,	2,	2,	40000.00000000,	NULL,	'2015-11-24',	2,	NULL),
(11,	2,	3,	50000.00000000,	NULL,	'2015-11-24',	2,	NULL),
(12,	2,	4,	50000.00000000,	NULL,	'2015-11-26',	2,	NULL),
(13,	2,	5,	40000.00000000,	NULL,	'2015-11-30',	2,	NULL),
(14,	3,	2,	70000.00000000,	NULL,	'2015-11-15',	2,	NULL),
(15,	3,	3,	40000.00000000,	NULL,	'2015-11-15',	2,	NULL),
(16,	3,	4,	50000.00000000,	NULL,	'2015-11-15',	2,	NULL),
(17,	4,	1,	80000.00000000,	NULL,	'2015-11-15',	2,	NULL),
(18,	4,	2,	80000.00000000,	NULL,	'2015-11-20',	2,	NULL),
(19,	4,	3,	90000.00000000,	NULL,	'2015-11-20',	2,	NULL),
(20,	4,	4,	70000.00000000,	NULL,	'2015-11-20',	2,	NULL),
(21,	4,	5,	80000.00000000,	NULL,	'2015-11-25',	2,	NULL),
(22,	5,	2,	25000.00000000,	NULL,	'2015-11-27',	2,	NULL),
(23,	5,	3,	25000.00000000,	NULL,	'2015-11-28',	2,	NULL),
(24,	5,	4,	50000.00000000,	NULL,	'2015-11-29',	2,	NULL),
(25,	6,	1,	50000.00000000,	NULL,	'2015-11-30',	2,	NULL),
(26,	6,	2,	50000.00000000,	NULL,	'2015-12-01',	2,	NULL),
(27,	6,	3,	50000.00000000,	NULL,	'2015-12-04',	2,	NULL),
(28,	7,	4,	25000.00000000,	NULL,	'2016-01-16',	2,	NULL),
(29,	7,	5,	25000.00000000,	NULL,	'2016-01-17',	2,	NULL),
(30,	7,	2,	25000.00000000,	NULL,	'2016-01-20',	2,	NULL),
(31,	8,	3,	40000.00000000,	NULL,	'2016-01-12',	2,	NULL),
(32,	8,	4,	40000.00000000,	NULL,	'2016-01-20',	2,	NULL),
(33,	9,	1,	50000.00000000,	NULL,	'2016-01-14',	2,	NULL),
(34,	9,	2,	50000.00000000,	NULL,	'2016-01-14',	2,	NULL),
(35,	9,	3,	50000.00000000,	NULL,	'2016-01-16',	2,	NULL),
(36,	10,	4,	125000.00000000,	NULL,	'2016-01-20',	2,	NULL),
(37,	10,	5,	120000.00000000,	NULL,	'2016-01-24',	2,	NULL),
(38,	11,	2,	50000.00000000,	NULL,	'2016-01-16',	2,	NULL),
(39,	12,	3,	70000.00000000,	NULL,	'2016-01-25',	2,	NULL),
(40,	13,	4,	80000.00000000,	NULL,	'2016-01-27',	2,	NULL),
(41,	14,	1,	90000.00000000,	NULL,	'2016-01-29',	2,	NULL),
(42,	14,	2,	90000.00000000,	NULL,	'2016-01-29',	2,	NULL),
(43,	14,	3,	90000.00000000,	NULL,	'2016-01-29',	2,	NULL),
(44,	14,	4,	40000.00000000,	NULL,	'2016-01-29',	2,	NULL),
(45,	15,	5,	25000.00000000,	NULL,	'2016-01-29',	2,	NULL),
(46,	15,	2,	50000.00000000,	NULL,	'2016-01-29',	2,	NULL),
(47,	16,	3,	90000.00000000,	NULL,	'2016-02-20',	1,	NULL),
(48,	16,	4,	90000.00000000,	NULL,	'2016-02-20',	1,	NULL),
(49,	17,	1,	90000.00000000,	NULL,	'2016-02-20',	1,	NULL),
(50,	17,	2,	90000.00000000,	NULL,	'2016-02-20',	1,	NULL),
(51,	17,	3,	90000.00000000,	NULL,	'2016-02-20',	1,	NULL),
(52,	18,	4,	150000.00000000,	NULL,	'2016-02-21',	1,	NULL),
(53,	18,	5,	25000.00000000,	NULL,	'2016-02-21',	1,	NULL),
(54,	18,	2,	25000.00000000,	NULL,	'2016-02-22',	1,	NULL),
(55,	19,	3,	25000.00000000,	NULL,	'2016-02-22',	1,	NULL),
(56,	19,	4,	25000.00000000,	NULL,	'2016-02-22',	1,	NULL),
(57,	20,	1,	50000.00000000,	NULL,	'2016-02-23',	1,	NULL),
(58,	20,	2,	25000.00000000,	NULL,	'2016-02-23',	1,	NULL),
(59,	21,	3,	20000.00000000,	NULL,	'2016-02-24',	1,	NULL),
(60,	22,	4,	20000.00000000,	NULL,	'2016-02-25',	1,	NULL),
(61,	23,	5,	20000.00000000,	NULL,	'2016-02-26',	1,	NULL),
(62,	24,	2,	30000.00000000,	NULL,	'2016-02-27',	1,	NULL),
(63,	24,	3,	20000.00000000,	NULL,	'2016-02-27',	1,	NULL),
(64,	24,	4,	30000.00000000,	NULL,	'2016-02-27',	1,	NULL),
(65,	24,	5,	30000.00000000,	NULL,	'2016-02-27',	1,	NULL);

DROP TABLE IF EXISTS `investors`;
CREATE TABLE `investors` (
  `investor_id` int(11) NOT NULL AUTO_INCREMENT,
  `user_id` int(11) NOT NULL,
  `available_balance` decimal(20,8) DEFAULT NULL,
  `oAuthType` varchar(45) DEFAULT NULL,
  `oAuth_login_id` varchar(255) DEFAULT NULL,
  `date_of_birth` date DEFAULT NULL,
  `nric_number` varchar(60) DEFAULT NULL,
  `status` int(11) DEFAULT NULL,
  PRIMARY KEY (`investor_id`,`user_id`)
) ENGINE=InnoDB DEFAULT CHARSET=latin1;

INSERT INTO `investors` (`investor_id`, `user_id`, `available_balance`, `oAuthType`, `oAuth_login_id`, `date_of_birth`, `nric_number`, `status`) VALUES
(1,	17,	50000.00000000,	NULL,	NULL,	'1990-01-02',	'NRIC/2016/01/23/0001',	1),
(2,	18,	0.00000000,	NULL,	NULL,	NULL,	NULL,	NULL),
(3,	19,	0.00000000,	NULL,	NULL,	NULL,	NULL,	NULL),
(4,	20,	NULL,	NULL,	NULL,	NULL,	NULL,	NULL),
(5,	21,	NULL,	NULL,	NULL,	NULL,	NULL,	NULL),
(6,	22,	NULL,	NULL,	NULL,	NULL,	NULL,	NULL),
(7,	23,	NULL,	NULL,	NULL,	NULL,	NULL,	NULL),
(8,	24,	NULL,	NULL,	NULL,	NULL,	NULL,	NULL),
(9,	25,	NULL,	NULL,	NULL,	NULL,	NULL,	NULL),
(10,	26,	NULL,	NULL,	NULL,	NULL,	NULL,	NULL),
(11,	27,	5000.00000000,	NULL,	NULL,	NULL,	NULL,	NULL),
(12,	28,	6000.00000000,	NULL,	NULL,	NULL,	NULL,	NULL),
(13,	29,	7000.00000000,	NULL,	NULL,	NULL,	NULL,	NULL),
(14,	30,	8000.00000000,	NULL,	NULL,	NULL,	NULL,	NULL),
(15,	31,	9000.00000000,	NULL,	NULL,	'1966-11-13',	'abcdedfdf',	1),
(16,	34,	NULL,	NULL,	NULL,	NULL,	NULL,	1);

DROP TABLE IF EXISTS `investor_banks`;
CREATE TABLE `investor_banks` (
  `investor_bankid` int(11) NOT NULL AUTO_INCREMENT,
  `investor_id` int(11) NOT NULL,
  `bank_code` varchar(45) NOT NULL,
  `bank_name` varchar(100) NOT NULL,
  `branch_code` varchar(100) NOT NULL,
  `bank_account_number` varchar(100) DEFAULT NULL,
  `verified_status` int(11) NOT NULL COMMENT '1 -> Not verified2 -> Verified',
  `active_status` int(11) NOT NULL COMMENT '1 -> Active2 -> Inactive',
  PRIMARY KEY (`investor_bankid`),
  KEY `fk_investor_banks_investors1_idx` (`investor_id`),
  CONSTRAINT `fk_investor_banks_investors1` FOREIGN KEY (`investor_id`) REFERENCES `investors` (`investor_id`) ON DELETE NO ACTION ON UPDATE NO ACTION
) ENGINE=InnoDB DEFAULT CHARSET=latin1;

INSERT INTO `investor_banks` (`investor_bankid`, `investor_id`, `bank_code`, `bank_name`, `branch_code`, `bank_account_number`, `verified_status`, `active_status`) VALUES
(1,	1,	'35000',	'Andhra bank',	'150000',	'ACC2000334455444',	1,	1),
(2,	15,	'ICIC000000077',	'ICICI Banka',	'0077',	'007701013594',	0,	1),
(3,	16,	'',	'',	'',	NULL,	0,	1);

DROP TABLE IF EXISTS `investor_bank_transactions`;
CREATE TABLE `investor_bank_transactions` (
  `trans_id` int(11) NOT NULL AUTO_INCREMENT,
  `investor_id` int(11) NOT NULL,
  `trans_type` int(11) NOT NULL,
  `trans_date` date NOT NULL,
  `trans_amount` decimal(20,8) NOT NULL,
  `trans_currency` varchar(4) NOT NULL DEFAULT 'SGD',
  `payment_id` int(11) NOT NULL,
  `status` int(11) NOT NULL DEFAULT '1',
  PRIMARY KEY (`trans_id`)
) ENGINE=InnoDB DEFAULT CHARSET=latin1;


DROP TABLE IF EXISTS `investor_loan_transaction`;
CREATE TABLE `investor_loan_transaction` (
  `trans_id` int(11) NOT NULL AUTO_INCREMENT,
  `investor_id` int(11) NOT NULL,
  `loan_id` int(11) DEFAULT NULL,
  `trans_type` int(11) DEFAULT NULL,
  `trans_date` date DEFAULT NULL,
  `amount_total` decimal(20,8) DEFAULT NULL,
  `amount_principal` decimal(20,8) DEFAULT NULL,
  `amount_interest` decimal(20,8) DEFAULT NULL,
  `amount_penalty` decimal(20,8) DEFAULT NULL,
  `status` int(11) DEFAULT NULL,
  PRIMARY KEY (`trans_id`)
) ENGINE=InnoDB DEFAULT CHARSET=latin1;


DROP TABLE IF EXISTS `investor_repayment`;
CREATE TABLE `investor_repayment` (
  `investor_repayment_id` int(11) NOT NULL AUTO_INCREMENT,
  `loan_id` int(11) DEFAULT NULL,
  `repayment_id` int(11) DEFAULT NULL,
  `investor_id` int(11) NOT NULL,
  `amount_repaid` decimal(20,8) DEFAULT NULL,
  `principal_paid` decimal(20,8) DEFAULT NULL,
  `interest_paid` decimal(20,8) DEFAULT NULL,
  `penalty_paid` decimal(20,8) DEFAULT NULL,
  `status` int(11) DEFAULT NULL,
  `remarks` longtext,
  PRIMARY KEY (`investor_repayment_id`,`investor_id`),
  KEY `fk_investor_repayment_loans1_idx` (`loan_id`),
  KEY `fk_investor_repayment_investors1_idx` (`investor_id`),
  CONSTRAINT `fk_investor_repayment_investors1` FOREIGN KEY (`investor_id`) REFERENCES `investors` (`investor_id`) ON DELETE NO ACTION ON UPDATE NO ACTION,
  CONSTRAINT `fk_investor_repayment_loans1` FOREIGN KEY (`loan_id`) REFERENCES `loans` (`loan_id`) ON DELETE NO ACTION ON UPDATE NO ACTION
) ENGINE=InnoDB DEFAULT CHARSET=latin1;


DROP TABLE IF EXISTS `investor_withdrawals`;
CREATE TABLE `investor_withdrawals` (
  `withdrawal_id` int(11) NOT NULL,
  `investor_id` int(11) DEFAULT NULL,
  `request_date` date DEFAULT NULL,
  `request_amount` decimal(20,8) DEFAULT NULL,
  `request_status` int(11) DEFAULT NULL,
  `payment_id` int(11) DEFAULT NULL,
  PRIMARY KEY (`withdrawal_id`)
) ENGINE=InnoDB DEFAULT CHARSET=latin1;


DROP TABLE IF EXISTS `loans`;
CREATE TABLE `loans` (
  `loan_id` int(11) NOT NULL AUTO_INCREMENT,
  `loan_reference_number` varchar(45) DEFAULT NULL,
  `borrower_id` int(11) DEFAULT NULL,
  `purpose_singleline` varchar(50) DEFAULT NULL,
  `purpose` longtext,
  `apply_date` date DEFAULT NULL,
  `apply_amount` decimal(20,8) DEFAULT NULL,
  `loan_currency_code` varchar(4) DEFAULT NULL,
  `loan_tenure` int(11) DEFAULT NULL,
  `target_interest` decimal(6,2) DEFAULT NULL,
  `bid_open_date` date DEFAULT NULL,
  `bid_close_date` date DEFAULT NULL,
  `bid_type` int(11) DEFAULT NULL COMMENT '1 - Open Bid2 - Closed Bid3 - Fixed Interest',
  `partial_sub_allowed` int(11) DEFAULT NULL COMMENT '1 - Yes, 2 - No',
  `min_for_partial_sub` decimal(20,8) DEFAULT NULL,
  `repayment_type` int(11) DEFAULT NULL COMMENT '1 - Bullet2 - Monthly Interest3 - EMI',
  `status` int(11) DEFAULT NULL COMMENT '1 - New2 - For Approval3 - Pending Comments4 - Approved for Bid5 - Bid Closed6 - Loan Disbursed7 - Repayments Complete',
  `comments` longtext,
  `final_interest_rate` decimal(6,2) DEFAULT NULL,
  `loan_sanctioned_amount` decimal(20,8) DEFAULT NULL,
  `trans_fees` decimal(20,8) DEFAULT NULL,
  `total_disbursed` decimal(20,8) DEFAULT NULL,
  `total_principal_repaid` decimal(20,8) DEFAULT NULL,
  `total_interest_paid` decimal(20,8) DEFAULT NULL,
  `total_penalties_paid` decimal(20,8) DEFAULT NULL,
  `loan_product_image` varchar(255) DEFAULT NULL,
  `loan_video_url` varchar(255) DEFAULT NULL,
  `loan_display_order` int(11) DEFAULT NULL,
  `penalty_fixed_amount` decimal(20,8) DEFAULT NULL,
  `penalty_fixed_percent` decimal(6,2) DEFAULT NULL,
  `penalty_type_applicable` int(11) DEFAULT NULL,
  `penalty_compounding_period` int(11) DEFAULT NULL,
  `emi_amount` decimal(20,8) DEFAULT NULL,
  PRIMARY KEY (`loan_id`),
  KEY `fk_loans_borrowers1_idx` (`borrower_id`),
  CONSTRAINT `fk_loans_borrowers1` FOREIGN KEY (`borrower_id`) REFERENCES `borrowers` (`borrower_id`) ON DELETE NO ACTION ON UPDATE NO ACTION
) ENGINE=InnoDB DEFAULT CHARSET=latin1;

INSERT INTO `loans` (`loan_id`, `loan_reference_number`, `borrower_id`, `purpose_singleline`, `purpose`, `apply_date`, `apply_amount`, `loan_currency_code`, `loan_tenure`, `target_interest`, `bid_open_date`, `bid_close_date`, `bid_type`, `partial_sub_allowed`, `min_for_partial_sub`, `repayment_type`, `status`, `comments`, `final_interest_rate`, `loan_sanctioned_amount`, `trans_fees`, `total_disbursed`, `total_principal_repaid`, `total_interest_paid`, `total_penalties_paid`, `loan_product_image`, `loan_video_url`, `loan_display_order`, `penalty_fixed_amount`, `penalty_fixed_percent`, `penalty_type_applicable`, `penalty_compounding_period`, `emi_amount`) VALUES
(1,	'loan-ref-1',	1,	'Business Expansion',	'Lorem ipsum dolor sit amet, eos zril noster appareat et. Eum et hinc aeterno tritani, per id lorem copiosae. Sed mollis alterum interesset eu, facer scripserit theophrastus quo eu, eum civibus deleniti at. Fugit tractatos consequuntur pro ex, ius integre incorrupte disputando et. An pro unum cibo dolore, no ius ceteros liberavisse, eum congue vivendo in. Ad adhuc definitionem vel. Nam epicurei vivendum in, ad inermis pericula usu.\r\n\r\nUsu ei sonet partem quodsi, vis ea labores accusata. Sonet dolorem splendide vix cu, et aliquip tincidunt quo. Pro ei illum partiendo interesset, ad eum hinc admodum civibus. Bonorum accusamus pro te. Sea cu copiosae invidunt quaerendum, eu lorem explicari est. Sit no oratio iudicabit, mea duis dicta accusamus ea.\r\n',	'2015-11-15',	250000.00000000,	'SGD',	12,	10.00,	'2015-11-20',	'2015-11-30',	1,	0,	NULL,	3,	6,	NULL,	10.47,	230000.00000000,	6000.00000000,	224000.00000000,	36688.00000000,	3854.00000000,	0.00000000,	' ',	' ',	1,	150.00000000,	3.00,	3,	NULL,	NULL),
(2,	'loan-ref-2',	2,	'Inventory Purchase',	'Lorem ipsum dolor sit amet, eos zril noster appareat et. Eum et hinc aeterno tritani, per id lorem copiosae. Sed mollis alterum interesset eu, facer scripserit theophrastus quo eu, eum civibus deleniti at. Fugit tractatos consequuntur pro ex, ius integre incorrupte disputando et. An pro unum cibo dolore, no ius ceteros liberavisse, eum congue vivendo in. Ad adhuc definitionem vel. Nam epicurei vivendum in, ad inermis pericula usu.\n\nUsu ei sonet partem quodsi, vis ea labores accusata. Sonet dolorem splendide vix cu, et aliquip tincidunt quo. Pro ei illum partiendo interesset, ad eum hinc admodum civibus. Bonorum accusamus pro te. Sea cu copiosae invidunt quaerendum, eu lorem explicari est. Sit no oratio iudicabit, mea duis dicta accusamus ea.\n',	'2015-11-16',	150000.00000000,	'SGD',	12,	10.00,	'2015-11-21',	'2015-12-11',	2,	0,	NULL,	3,	6,	NULL,	9.97,	150000.00000000,	10000.00000000,	140000.00000000,	0.00000000,	0.00000000,	0.00000000,	' ',	' ',	2,	150.00000000,	3.00,	3,	NULL,	NULL),
(3,	'loan-ref-3',	2,	'Marketing ',	'Lorem ipsum dolor sit amet, eos zril noster appareat et. Eum et hinc aeterno tritani, per id lorem copiosae. Sed mollis alterum interesset eu, facer scripserit theophrastus quo eu, eum civibus deleniti at. Fugit tractatos consequuntur pro ex, ius integre incorrupte disputando et. An pro unum cibo dolore, no ius ceteros liberavisse, eum congue vivendo in. Ad adhuc definitionem vel. Nam epicurei vivendum in, ad inermis pericula usu.\n\nUsu ei sonet partem quodsi, vis ea labores accusata. Sonet dolorem splendide vix cu, et aliquip tincidunt quo. Pro ei illum partiendo interesset, ad eum hinc admodum civibus. Bonorum accusamus pro te. Sea cu copiosae invidunt quaerendum, eu lorem explicari est. Sit no oratio iudicabit, mea duis dicta accusamus ea.\n',	'2015-11-17',	175000.00000000,	'SGD',	12,	11.00,	'2015-11-22',	'2015-12-12',	1,	0,	NULL,	3,	6,	NULL,	11.00,	160000.00000000,	7000.00000000,	168000.00000000,	26876.86000000,	4055.14000000,	0.00000000,	' ',	' ',	3,	0.00000000,	4.00,	1,	NULL,	NULL),
(4,	'loan-ref-4',	2,	'Refinancing ',	'Lorem ipsum dolor sit amet, eos zril noster appareat et. Eum et hinc aeterno tritani, per id lorem copiosae. Sed mollis alterum interesset eu, facer scripserit theophrastus quo eu, eum civibus deleniti at. Fugit tractatos consequuntur pro ex, ius integre incorrupte disputando et. An pro unum cibo dolore, no ius ceteros liberavisse, eum congue vivendo in. Ad adhuc definitionem vel. Nam epicurei vivendum in, ad inermis pericula usu.\n\nUsu ei sonet partem quodsi, vis ea labores accusata. Sonet dolorem splendide vix cu, et aliquip tincidunt quo. Pro ei illum partiendo interesset, ad eum hinc admodum civibus. Bonorum accusamus pro te. Sea cu copiosae invidunt quaerendum, eu lorem explicari est. Sit no oratio iudicabit, mea duis dicta accusamus ea.\n',	'2015-11-20',	225000.00000000,	'SGD',	12,	10.50,	'2015-11-25',	'2015-12-15',	3,	0,	NULL,	3,	6,	NULL,	10.50,	230000.00000000,	9000.00000000,	216000.00000000,	35885.70000000,	3781.18000000,	0.00000000,	' ',	' ',	4,	NULL,	NULL,	NULL,	NULL,	NULL),
(5,	'loan-ref-5',	3,	'Working Capital',	'Lorem ipsum dolor sit amet, eos zril noster appareat et. Eum et hinc aeterno tritani, per id lorem copiosae. Sed mollis alterum interesset eu, facer scripserit theophrastus quo eu, eum civibus deleniti at. Fugit tractatos consequuntur pro ex, ius integre incorrupte disputando et. An pro unum cibo dolore, no ius ceteros liberavisse, eum congue vivendo in. Ad adhuc definitionem vel. Nam epicurei vivendum in, ad inermis pericula usu.\n\nUsu ei sonet partem quodsi, vis ea labores accusata. Sonet dolorem splendide vix cu, et aliquip tincidunt quo. Pro ei illum partiendo interesset, ad eum hinc admodum civibus. Bonorum accusamus pro te. Sea cu copiosae invidunt quaerendum, eu lorem explicari est. Sit no oratio iudicabit, mea duis dicta accusamus ea.\n',	'2015-11-22',	200000.00000000,	'SGD',	12,	11.00,	'2015-11-27',	'2015-12-17',	1,	0,	NULL,	3,	6,	NULL,	11.00,	100000.00000000,	8000.00000000,	192000.00000000,	31814.33000000,	3445.11000000,	0.00000000,	' ',	' ',	5,	150.00000000,	3.00,	3,	NULL,	NULL),
(6,	'loan-ref-6',	4,	'Other Business Purposes',	'Lorem ipsum dolor sit amet, eos zril noster appareat et. Eum et hinc aeterno tritani, per id lorem copiosae. Sed mollis alterum interesset eu, facer scripserit theophrastus quo eu, eum civibus deleniti at. Fugit tractatos consequuntur pro ex, ius integre incorrupte disputando et. An pro unum cibo dolore, no ius ceteros liberavisse, eum congue vivendo in. Ad adhuc definitionem vel. Nam epicurei vivendum in, ad inermis pericula usu.\n\nUsu ei sonet partem quodsi, vis ea labores accusata. Sonet dolorem splendide vix cu, et aliquip tincidunt quo. Pro ei illum partiendo interesset, ad eum hinc admodum civibus. Bonorum accusamus pro te. Sea cu copiosae invidunt quaerendum, eu lorem explicari est. Sit no oratio iudicabit, mea duis dicta accusamus ea.\n',	'2015-11-25',	100000.00000000,	'SGD',	12,	9.00,	'2015-11-30',	'2015-12-20',	2,	0,	NULL,	3,	6,	NULL,	9.00,	100000.00000000,	16000.00000000,	384000.00000000,	63741.01000000,	6220.17000000,	0.00000000,	' ',	' ',	6,	NULL,	NULL,	NULL,	NULL,	NULL),
(7,	'loan-ref-7',	4,	'Equipment Purchase',	'Lorem ipsum dolor sit amet, eos zril noster appareat et. Eum et hinc aeterno tritani, per id lorem copiosae. Sed mollis alterum interesset eu, facer scripserit theophrastus quo eu, eum civibus deleniti at. Fugit tractatos consequuntur pro ex, ius integre incorrupte disputando et. An pro unum cibo dolore, no ius ceteros liberavisse, eum congue vivendo in. Ad adhuc definitionem vel. Nam epicurei vivendum in, ad inermis pericula usu.\n\nUsu ei sonet partem quodsi, vis ea labores accusata. Sonet dolorem splendide vix cu, et aliquip tincidunt quo. Pro ei illum partiendo interesset, ad eum hinc admodum civibus. Bonorum accusamus pro te. Sea cu copiosae invidunt quaerendum, eu lorem explicari est. Sit no oratio iudicabit, mea duis dicta accusamus ea.\n',	'2016-01-05',	75000.00000000,	'SGD',	12,	7.00,	'2016-01-10',	'2016-01-30',	1,	0,	NULL,	3,	6,	NULL,	7.00,	75000.00000000,	12000.00000000,	288000.00000000,	47752.86000000,	4163.18000000,	0.00000000,	' ',	' ',	7,	NULL,	NULL,	NULL,	NULL,	NULL),
(8,	'loan-ref-8',	4,	'Business Expansion',	'Lorem ipsum dolor sit amet, eos zril noster appareat et. Eum et hinc aeterno tritani, per id lorem copiosae. Sed mollis alterum interesset eu, facer scripserit theophrastus quo eu, eum civibus deleniti at. Fugit tractatos consequuntur pro ex, ius integre incorrupte disputando et. An pro unum cibo dolore, no ius ceteros liberavisse, eum congue vivendo in. Ad adhuc definitionem vel. Nam epicurei vivendum in, ad inermis pericula usu.\n\nUsu ei sonet partem quodsi, vis ea labores accusata. Sonet dolorem splendide vix cu, et aliquip tincidunt quo. Pro ei illum partiendo interesset, ad eum hinc admodum civibus. Bonorum accusamus pro te. Sea cu copiosae invidunt quaerendum, eu lorem explicari est. Sit no oratio iudicabit, mea duis dicta accusamus ea.\n',	'2016-01-07',	80000.00000000,	'SGD',	12,	9.00,	'2016-01-12',	'2016-02-01',	2,	0,	NULL,	3,	6,	NULL,	9.00,	80000.00000000,	8000.00000000,	192000.00000000,	15990.30000000,	1500.00000000,	0.00000000,	' ',	' ',	8,	NULL,	NULL,	NULL,	NULL,	NULL),
(9,	'loan-ref-9',	5,	'Inventory Purchase',	'Lorem ipsum dolor sit amet, eos zril noster appareat et. Eum et hinc aeterno tritani, per id lorem copiosae. Sed mollis alterum interesset eu, facer scripserit theophrastus quo eu, eum civibus deleniti at. Fugit tractatos consequuntur pro ex, ius integre incorrupte disputando et. An pro unum cibo dolore, no ius ceteros liberavisse, eum congue vivendo in. Ad adhuc definitionem vel. Nam epicurei vivendum in, ad inermis pericula usu.\n\nUsu ei sonet partem quodsi, vis ea labores accusata. Sonet dolorem splendide vix cu, et aliquip tincidunt quo. Pro ei illum partiendo interesset, ad eum hinc admodum civibus. Bonorum accusamus pro te. Sea cu copiosae invidunt quaerendum, eu lorem explicari est. Sit no oratio iudicabit, mea duis dicta accusamus ea.\n',	'2016-01-09',	150000.00000000,	'SGD',	12,	8.00,	'2016-01-14',	'2016-02-03',	2,	0,	NULL,	3,	6,	NULL,	8.00,	100000.00000000,	6000.00000000,	144000.00000000,	12048.26000000,	1000.00000000,	0.00000000,	' ',	' ',	9,	NULL,	NULL,	NULL,	NULL,	NULL),
(10,	'loan-ref-10',	6,	'Marketing ',	'Lorem ipsum dolor sit amet, eos zril noster appareat et. Eum et hinc aeterno tritani, per id lorem copiosae. Sed mollis alterum interesset eu, facer scripserit theophrastus quo eu, eum civibus deleniti at. Fugit tractatos consequuntur pro ex, ius integre incorrupte disputando et. An pro unum cibo dolore, no ius ceteros liberavisse, eum congue vivendo in. Ad adhuc definitionem vel. Nam epicurei vivendum in, ad inermis pericula usu.\n\nUsu ei sonet partem quodsi, vis ea labores accusata. Sonet dolorem splendide vix cu, et aliquip tincidunt quo. Pro ei illum partiendo interesset, ad eum hinc admodum civibus. Bonorum accusamus pro te. Sea cu copiosae invidunt quaerendum, eu lorem explicari est. Sit no oratio iudicabit, mea duis dicta accusamus ea.\n',	'2016-01-15',	250000.00000000,	'SGD',	12,	8.50,	'2016-01-20',	'2016-02-09',	1,	0,	NULL,	3,	6,	NULL,	8.50,	245000.00000000,	7000.00000000,	168000.00000000,	0.00000000,	0.00000000,	0.00000000,	' ',	' ',	10,	NULL,	NULL,	NULL,	NULL,	NULL),
(11,	'loan-ref-11',	7,	'Refinancing ',	'Lorem ipsum dolor sit amet, eos zril noster appareat et. Eum et hinc aeterno tritani, per id lorem copiosae. Sed mollis alterum interesset eu, facer scripserit theophrastus quo eu, eum civibus deleniti at. Fugit tractatos consequuntur pro ex, ius integre incorrupte disputando et. An pro unum cibo dolore, no ius ceteros liberavisse, eum congue vivendo in. Ad adhuc definitionem vel. Nam epicurei vivendum in, ad inermis pericula usu.\n\nUsu ei sonet partem quodsi, vis ea labores accusata. Sonet dolorem splendide vix cu, et aliquip tincidunt quo. Pro ei illum partiendo interesset, ad eum hinc admodum civibus. Bonorum accusamus pro te. Sea cu copiosae invidunt quaerendum, eu lorem explicari est. Sit no oratio iudicabit, mea duis dicta accusamus ea.\n',	'2016-01-17',	90000.00000000,	'SGD',	12,	9.25,	'2016-01-22',	'2016-02-11',	3,	0,	NULL,	3,	6,	NULL,	9.25,	50000.00000000,	3600.00000000,	86400.00000000,	0.00000000,	0.00000000,	0.00000000,	' ',	' ',	11,	NULL,	NULL,	NULL,	NULL,	NULL),
(12,	'loan-ref-12',	7,	'Working Capital',	'Lorem ipsum dolor sit amet, eos zril noster appareat et. Eum et hinc aeterno tritani, per id lorem copiosae. Sed mollis alterum interesset eu, facer scripserit theophrastus quo eu, eum civibus deleniti at. Fugit tractatos consequuntur pro ex, ius integre incorrupte disputando et. An pro unum cibo dolore, no ius ceteros liberavisse, eum congue vivendo in. Ad adhuc definitionem vel. Nam epicurei vivendum in, ad inermis pericula usu.\n\nUsu ei sonet partem quodsi, vis ea labores accusata. Sonet dolorem splendide vix cu, et aliquip tincidunt quo. Pro ei illum partiendo interesset, ad eum hinc admodum civibus. Bonorum accusamus pro te. Sea cu copiosae invidunt quaerendum, eu lorem explicari est. Sit no oratio iudicabit, mea duis dicta accusamus ea.\n',	'2016-01-20',	100000.00000000,	'SGD',	12,	11.25,	'2016-01-25',	'2016-02-14',	3,	0,	NULL,	3,	6,	NULL,	11.25,	70000.00000000,	4000.00000000,	96000.00000000,	0.00000000,	0.00000000,	0.00000000,	' ',	' ',	12,	NULL,	NULL,	NULL,	NULL,	NULL),
(13,	'loan-ref-13',	7,	'Other Business Purposes',	'Lorem ipsum dolor sit amet, eos zril noster appareat et. Eum et hinc aeterno tritani, per id lorem copiosae. Sed mollis alterum interesset eu, facer scripserit theophrastus quo eu, eum civibus deleniti at. Fugit tractatos consequuntur pro ex, ius integre incorrupte disputando et. An pro unum cibo dolore, no ius ceteros liberavisse, eum congue vivendo in. Ad adhuc definitionem vel. Nam epicurei vivendum in, ad inermis pericula usu.\n\nUsu ei sonet partem quodsi, vis ea labores accusata. Sonet dolorem splendide vix cu, et aliquip tincidunt quo. Pro ei illum partiendo interesset, ad eum hinc admodum civibus. Bonorum accusamus pro te. Sea cu copiosae invidunt quaerendum, eu lorem explicari est. Sit no oratio iudicabit, mea duis dicta accusamus ea.\n',	'2016-01-22',	100000.00000000,	'SGD',	12,	7.00,	'2016-01-27',	'2016-02-16',	3,	0,	NULL,	3,	6,	NULL,	7.00,	80000.00000000,	20000.00000000,	480000.00000000,	0.00000000,	0.00000000,	0.00000000,	' ',	' ',	13,	NULL,	NULL,	NULL,	NULL,	NULL),
(14,	'loan-ref-14',	8,	'Equipment Purchase',	'Lorem ipsum dolor sit amet, eos zril noster appareat et. Eum et hinc aeterno tritani, per id lorem copiosae. Sed mollis alterum interesset eu, facer scripserit theophrastus quo eu, eum civibus deleniti at. Fugit tractatos consequuntur pro ex, ius integre incorrupte disputando et. An pro unum cibo dolore, no ius ceteros liberavisse, eum congue vivendo in. Ad adhuc definitionem vel. Nam epicurei vivendum in, ad inermis pericula usu.\n\nUsu ei sonet partem quodsi, vis ea labores accusata. Sonet dolorem splendide vix cu, et aliquip tincidunt quo. Pro ei illum partiendo interesset, ad eum hinc admodum civibus. Bonorum accusamus pro te. Sea cu copiosae invidunt quaerendum, eu lorem explicari est. Sit no oratio iudicabit, mea duis dicta accusamus ea.\n',	'2016-01-24',	250000.00000000,	'SGD',	12,	9.00,	'2016-01-29',	'2016-02-18',	2,	0,	NULL,	3,	6,	NULL,	9.00,	220000.00000000,	18000.00000000,	432000.00000000,	0.00000000,	0.00000000,	0.00000000,	' ',	' ',	14,	NULL,	NULL,	NULL,	NULL,	NULL),
(15,	'loan-ref-15',	9,	'Business Expansion',	'Lorem ipsum dolor sit amet, eos zril noster appareat et. Eum et hinc aeterno tritani, per id lorem copiosae. Sed mollis alterum interesset eu, facer scripserit theophrastus quo eu, eum civibus deleniti at. Fugit tractatos consequuntur pro ex, ius integre incorrupte disputando et. An pro unum cibo dolore, no ius ceteros liberavisse, eum congue vivendo in. Ad adhuc definitionem vel. Nam epicurei vivendum in, ad inermis pericula usu.\n\nUsu ei sonet partem quodsi, vis ea labores accusata. Sonet dolorem splendide vix cu, et aliquip tincidunt quo. Pro ei illum partiendo interesset, ad eum hinc admodum civibus. Bonorum accusamus pro te. Sea cu copiosae invidunt quaerendum, eu lorem explicari est. Sit no oratio iudicabit, mea duis dicta accusamus ea.\n',	'2016-01-24',	350000.00000000,	'SGD',	12,	11.00,	'2016-01-29',	'2016-02-08',	2,	0,	NULL,	3,	6,	NULL,	11.00,	75000.00000000,	14000.00000000,	336000.00000000,	0.00000000,	0.00000000,	0.00000000,	' ',	' ',	15,	NULL,	NULL,	NULL,	NULL,	NULL),
(16,	'loan-ref-16',	10,	'Inventory Purchase',	'Lorem ipsum dolor sit amet, eos zril noster appareat et. Eum et hinc aeterno tritani, per id lorem copiosae. Sed mollis alterum interesset eu, facer scripserit theophrastus quo eu, eum civibus deleniti at. Fugit tractatos consequuntur pro ex, ius integre incorrupte disputando et. An pro unum cibo dolore, no ius ceteros liberavisse, eum congue vivendo in. Ad adhuc definitionem vel. Nam epicurei vivendum in, ad inermis pericula usu.\n\nUsu ei sonet partem quodsi, vis ea labores accusata. Sonet dolorem splendide vix cu, et aliquip tincidunt quo. Pro ei illum partiendo interesset, ad eum hinc admodum civibus. Bonorum accusamus pro te. Sea cu copiosae invidunt quaerendum, eu lorem explicari est. Sit no oratio iudicabit, mea duis dicta accusamus ea.\n',	'2016-03-14',	425000.00000000,	'SGD',	12,	10.00,	'2016-03-19',	'2016-04-10',	3,	0,	NULL,	3,	3,	NULL,	NULL,	NULL,	NULL,	NULL,	NULL,	NULL,	NULL,	' ',	' ',	16,	NULL,	NULL,	NULL,	NULL,	NULL),
(17,	'loan-ref-17',	10,	'Marketing ',	'Lorem ipsum dolor sit amet, eos zril noster appareat et. Eum et hinc aeterno tritani, per id lorem copiosae. Sed mollis alterum interesset eu, facer scripserit theophrastus quo eu, eum civibus deleniti at. Fugit tractatos consequuntur pro ex, ius integre incorrupte disputando et. An pro unum cibo dolore, no ius ceteros liberavisse, eum congue vivendo in. Ad adhuc definitionem vel. Nam epicurei vivendum in, ad inermis pericula usu.\n\nUsu ei sonet partem quodsi, vis ea labores accusata. Sonet dolorem splendide vix cu, et aliquip tincidunt quo. Pro ei illum partiendo interesset, ad eum hinc admodum civibus. Bonorum accusamus pro te. Sea cu copiosae invidunt quaerendum, eu lorem explicari est. Sit no oratio iudicabit, mea duis dicta accusamus ea.\n',	'2016-03-15',	400000.00000000,	'SGD',	12,	15.00,	'2016-03-20',	'2016-04-11',	2,	0,	NULL,	3,	3,	NULL,	NULL,	NULL,	NULL,	NULL,	NULL,	NULL,	NULL,	' ',	' ',	17,	NULL,	NULL,	NULL,	NULL,	NULL),
(18,	'loan-ref-18',	10,	'Refinancing ',	'Lorem ipsum dolor sit amet, eos zril noster appareat et. Eum et hinc aeterno tritani, per id lorem copiosae. Sed mollis alterum interesset eu, facer scripserit theophrastus quo eu, eum civibus deleniti at. Fugit tractatos consequuntur pro ex, ius integre incorrupte disputando et. An pro unum cibo dolore, no ius ceteros liberavisse, eum congue vivendo in. Ad adhuc definitionem vel. Nam epicurei vivendum in, ad inermis pericula usu.\n\nUsu ei sonet partem quodsi, vis ea labores accusata. Sonet dolorem splendide vix cu, et aliquip tincidunt quo. Pro ei illum partiendo interesset, ad eum hinc admodum civibus. Bonorum accusamus pro te. Sea cu copiosae invidunt quaerendum, eu lorem explicari est. Sit no oratio iudicabit, mea duis dicta accusamus ea.\n',	'2016-03-16',	250000.00000000,	'SGD',	12,	18.00,	'2016-03-21',	'2016-04-12',	2,	0,	NULL,	3,	3,	NULL,	NULL,	NULL,	NULL,	NULL,	NULL,	NULL,	NULL,	' ',	' ',	18,	NULL,	NULL,	NULL,	NULL,	NULL),
(19,	'loan-ref-19',	11,	'Working Capital',	'Lorem ipsum dolor sit amet, eos zril noster appareat et. Eum et hinc aeterno tritani, per id lorem copiosae. Sed mollis alterum interesset eu, facer scripserit theophrastus quo eu, eum civibus deleniti at. Fugit tractatos consequuntur pro ex, ius integre incorrupte disputando et. An pro unum cibo dolore, no ius ceteros liberavisse, eum congue vivendo in. Ad adhuc definitionem vel. Nam epicurei vivendum in, ad inermis pericula usu.\n\nUsu ei sonet partem quodsi, vis ea labores accusata. Sonet dolorem splendide vix cu, et aliquip tincidunt quo. Pro ei illum partiendo interesset, ad eum hinc admodum civibus. Bonorum accusamus pro te. Sea cu copiosae invidunt quaerendum, eu lorem explicari est. Sit no oratio iudicabit, mea duis dicta accusamus ea.\n',	'2016-03-17',	190000.00000000,	'SGD',	12,	17.00,	'2016-03-22',	'2016-04-13',	2,	0,	NULL,	3,	3,	NULL,	NULL,	NULL,	NULL,	NULL,	NULL,	NULL,	NULL,	' ',	' ',	19,	NULL,	NULL,	NULL,	NULL,	NULL),
(20,	'loan-ref-20',	12,	'Other Business Purposes',	'Lorem ipsum dolor sit amet, eos zril noster appareat et. Eum et hinc aeterno tritani, per id lorem copiosae. Sed mollis alterum interesset eu, facer scripserit theophrastus quo eu, eum civibus deleniti at. Fugit tractatos consequuntur pro ex, ius integre incorrupte disputando et. An pro unum cibo dolore, no ius ceteros liberavisse, eum congue vivendo in. Ad adhuc definitionem vel. Nam epicurei vivendum in, ad inermis pericula usu.\n\nUsu ei sonet partem quodsi, vis ea labores accusata. Sonet dolorem splendide vix cu, et aliquip tincidunt quo. Pro ei illum partiendo interesset, ad eum hinc admodum civibus. Bonorum accusamus pro te. Sea cu copiosae invidunt quaerendum, eu lorem explicari est. Sit no oratio iudicabit, mea duis dicta accusamus ea.\n',	'2016-03-18',	200000.00000000,	'SGD',	12,	15.00,	'2016-03-23',	'2016-04-14',	2,	0,	NULL,	3,	3,	NULL,	NULL,	NULL,	NULL,	NULL,	NULL,	NULL,	NULL,	' ',	' ',	20,	NULL,	NULL,	NULL,	NULL,	NULL),
(21,	'loan-ref-21',	13,	'Equipment Purchase',	'Lorem ipsum dolor sit amet, eos zril noster appareat et. Eum et hinc aeterno tritani, per id lorem copiosae. Sed mollis alterum interesset eu, facer scripserit theophrastus quo eu, eum civibus deleniti at. Fugit tractatos consequuntur pro ex, ius integre incorrupte disputando et. An pro unum cibo dolore, no ius ceteros liberavisse, eum congue vivendo in. Ad adhuc definitionem vel. Nam epicurei vivendum in, ad inermis pericula usu.\n\nUsu ei sonet partem quodsi, vis ea labores accusata. Sonet dolorem splendide vix cu, et aliquip tincidunt quo. Pro ei illum partiendo interesset, ad eum hinc admodum civibus. Bonorum accusamus pro te. Sea cu copiosae invidunt quaerendum, eu lorem explicari est. Sit no oratio iudicabit, mea duis dicta accusamus ea.\n',	'2016-03-19',	225000.00000000,	'SGD',	12,	16.00,	'2016-03-24',	'2016-04-15',	2,	0,	NULL,	3,	3,	NULL,	NULL,	NULL,	NULL,	NULL,	NULL,	NULL,	NULL,	' ',	' ',	21,	NULL,	NULL,	NULL,	NULL,	NULL),
(22,	'loan-ref-22',	13,	'Business Expansion',	'Lorem ipsum dolor sit amet, eos zril noster appareat et. Eum et hinc aeterno tritani, per id lorem copiosae. Sed mollis alterum interesset eu, facer scripserit theophrastus quo eu, eum civibus deleniti at. Fugit tractatos consequuntur pro ex, ius integre incorrupte disputando et. An pro unum cibo dolore, no ius ceteros liberavisse, eum congue vivendo in. Ad adhuc definitionem vel. Nam epicurei vivendum in, ad inermis pericula usu.\n\nUsu ei sonet partem quodsi, vis ea labores accusata. Sonet dolorem splendide vix cu, et aliquip tincidunt quo. Pro ei illum partiendo interesset, ad eum hinc admodum civibus. Bonorum accusamus pro te. Sea cu copiosae invidunt quaerendum, eu lorem explicari est. Sit no oratio iudicabit, mea duis dicta accusamus ea.\n',	'2016-03-20',	275000.00000000,	'SGD',	12,	12.00,	'2016-03-25',	'2016-04-16',	1,	0,	NULL,	3,	3,	NULL,	NULL,	NULL,	NULL,	NULL,	NULL,	NULL,	NULL,	' ',	' ',	22,	NULL,	NULL,	NULL,	NULL,	NULL),
(23,	'loan-ref-23',	14,	'Inventory Purchase',	'Lorem ipsum dolor sit amet, eos zril noster appareat et. Eum et hinc aeterno tritani, per id lorem copiosae. Sed mollis alterum interesset eu, facer scripserit theophrastus quo eu, eum civibus deleniti at. Fugit tractatos consequuntur pro ex, ius integre incorrupte disputando et. An pro unum cibo dolore, no ius ceteros liberavisse, eum congue vivendo in. Ad adhuc definitionem vel. Nam epicurei vivendum in, ad inermis pericula usu.\n\nUsu ei sonet partem quodsi, vis ea labores accusata. Sonet dolorem splendide vix cu, et aliquip tincidunt quo. Pro ei illum partiendo interesset, ad eum hinc admodum civibus. Bonorum accusamus pro te. Sea cu copiosae invidunt quaerendum, eu lorem explicari est. Sit no oratio iudicabit, mea duis dicta accusamus ea.\n',	'2016-03-21',	310000.00000000,	'SGD',	12,	13.00,	'2016-03-26',	'2016-04-17',	1,	0,	NULL,	3,	3,	NULL,	NULL,	NULL,	NULL,	NULL,	NULL,	NULL,	NULL,	' ',	' ',	23,	NULL,	NULL,	NULL,	NULL,	NULL),
(24,	'loan-ref-24',	15,	'Marketing ',	'Lorem ipsum dolor sit amet, eos zril noster appareat et. Eum et hinc aeterno tritani, per id lorem copiosae. Sed mollis alterum interesset eu, facer scripserit theophrastus quo eu, eum civibus deleniti at. Fugit tractatos consequuntur pro ex, ius integre incorrupte disputando et. An pro unum cibo dolore, no ius ceteros liberavisse, eum congue vivendo in. Ad adhuc definitionem vel. Nam epicurei vivendum in, ad inermis pericula usu.\n\nUsu ei sonet partem quodsi, vis ea labores accusata. Sonet dolorem splendide vix cu, et aliquip tincidunt quo. Pro ei illum partiendo interesset, ad eum hinc admodum civibus. Bonorum accusamus pro te. Sea cu copiosae invidunt quaerendum, eu lorem explicari est. Sit no oratio iudicabit, mea duis dicta accusamus ea.\n',	'2016-03-22',	340000.00000000,	'SGD',	12,	13.50,	'2016-03-27',	'2016-04-18',	1,	0,	NULL,	3,	3,	NULL,	NULL,	NULL,	NULL,	NULL,	NULL,	NULL,	NULL,	' ',	' ',	24,	NULL,	NULL,	NULL,	NULL,	NULL),
(25,	'Loan-Ref-25',	1,	'Business Expansion',	'<p>Lorem ipsum dolor sit amet, consectetur adipiscing elit, sed do eiusmod tempor incididunt ut labore et dolore magna aliqua. Ut enim ad minim veniam, quis nostrud exercitation ullamco laboris nisi ut aliquip ex ea commodo consequat. Duis aute irure dolor in reprehenderit in voluptate velit esse cillum dolore eu fugiat nulla pariatur. Excepteur sint occaecat cupidatat non proident, sunt in culpa qui officia deserunt mollit anim id est laborum.</p>\n',	'2016-03-15',	15000.00000000,	NULL,	12,	10.00,	'2016-04-15',	'2016-05-05',	1,	2,	NULL,	3,	1,	NULL,	10.00,	15000.00000000,	600.00000000,	14400.00000000,	NULL,	NULL,	NULL,	NULL,	NULL,	25,	NULL,	NULL,	NULL,	NULL,	NULL),
(26,	'Loan-Ref-26',	3,	'Equipment Purchase',	NULL,	'2016-03-15',	NULL,	NULL,	NULL,	NULL,	NULL,	'2016-03-15',	NULL,	2,	NULL,	0,	1,	NULL,	NULL,	0.00000000,	0.00000000,	0.00000000,	NULL,	NULL,	NULL,	NULL,	NULL,	NULL,	NULL,	NULL,	NULL,	NULL,	NULL);

DROP TABLE IF EXISTS `loan_bids`;
CREATE TABLE `loan_bids` (
  `bid_id` int(11) NOT NULL AUTO_INCREMENT,
  `loan_id` int(11) NOT NULL,
  `investor_id` int(11) NOT NULL,
  `bid_datetime` datetime NOT NULL,
  `bid_amount` decimal(20,8) DEFAULT NULL,
  `bid_interest_rate` decimal(6,2) DEFAULT NULL,
  `interest_wt_ratio` decimal(6,3) DEFAULT NULL,
  `principal_ratio` varchar(45) DEFAULT NULL,
  `bid_status` int(11) DEFAULT NULL COMMENT '1 Open\n2 Accepted\n3 Rejected',
  `accepted_amount` decimal(20,8) DEFAULT NULL,
  `investment_id` int(11) DEFAULT NULL,
  `remarks` longtext,
  PRIMARY KEY (`bid_id`,`loan_id`),
  KEY `fk_loan_bids_loans1_idx` (`loan_id`),
  CONSTRAINT `fk_loan_bids_loans1` FOREIGN KEY (`loan_id`) REFERENCES `loans` (`loan_id`) ON DELETE NO ACTION ON UPDATE NO ACTION
) ENGINE=InnoDB DEFAULT CHARSET=latin1;

INSERT INTO `loan_bids` (`bid_id`, `loan_id`, `investor_id`, `bid_datetime`, `bid_amount`, `bid_interest_rate`, `interest_wt_ratio`, `principal_ratio`, `bid_status`, `accepted_amount`, `investment_id`, `remarks`) VALUES
(2,	1,	2,	'2015-11-21 00:00:00',	80000.00000000,	10.00,	0.348,	'0.348',	2,	20000.00000000,	0,	' '),
(3,	1,	3,	'2015-11-22 00:00:00',	85000.00000000,	10.50,	0.389,	'0.370',	2,	30000.00000000,	0,	' '),
(4,	1,	4,	'2015-11-23 00:00:00',	65000.00000000,	11.00,	0.311,	'0.283',	2,	20000.00000000,	0,	' '),
(7,	2,	2,	'2015-11-15 00:00:00',	45000.00000000,	9.00,	0.270,	'0.300',	2,	25000.00000000,	0,	' '),
(8,	2,	3,	'2015-11-20 00:00:00',	65000.00000000,	10.00,	0.433,	'0.433',	2,	25000.00000000,	0,	' '),
(10,	2,	4,	'2015-11-24 00:00:00',	40000.00000000,	11.00,	0.294,	'0.267',	2,	40000.00000000,	0,	' '),
(14,	3,	2,	'2015-11-15 00:00:00',	70000.00000000,	11.00,	0.482,	'0.438',	2,	70000.00000000,	0,	' '),
(15,	3,	3,	'2015-11-15 00:00:00',	40000.00000000,	11.00,	0.275,	'0.250',	2,	40000.00000000,	0,	' '),
(16,	3,	4,	'2015-11-15 00:00:00',	50000.00000000,	11.00,	0.344,	'0.313',	2,	50000.00000000,	0,	' '),
(18,	4,	2,	'2015-11-20 00:00:00',	80000.00000000,	10.50,	0.365,	'0.348',	2,	80000.00000000,	0,	' '),
(20,	4,	4,	'2015-11-20 00:00:00',	70000.00000000,	10.50,	0.319,	'0.304',	2,	65000.00000000,	0,	' '),
(21,	4,	5,	'2015-11-25 00:00:00',	80000.00000000,	10.50,	0.365,	'0.348',	2,	80000.00000000,	0,	' '),
(22,	5,	2,	'2015-11-27 00:00:00',	25000.00000000,	11.00,	0.275,	'0.250',	2,	25000.00000000,	0,	' '),
(23,	5,	3,	'2015-11-28 00:00:00',	25000.00000000,	11.00,	0.275,	'0.250',	2,	25000.00000000,	0,	' '),
(24,	5,	4,	'2015-11-29 00:00:00',	50000.00000000,	11.00,	0.550,	'0.500',	2,	50000.00000000,	0,	' '),
(25,	6,	1,	'2016-03-22 00:00:00',	10000.00000000,	8.00,	NULL,	NULL,	4,	NULL,	0,	' '),
(26,	6,	2,	'2015-12-01 00:00:00',	50000.00000000,	9.00,	0.450,	'0.500',	2,	50000.00000000,	0,	' '),
(27,	6,	3,	'2015-12-04 00:00:00',	50000.00000000,	9.00,	0.450,	'0.500',	2,	50000.00000000,	0,	' '),
(28,	7,	4,	'2016-01-16 00:00:00',	25000.00000000,	7.00,	0.233,	'0.333',	2,	25000.00000000,	0,	' '),
(29,	7,	5,	'2016-01-17 00:00:00',	25000.00000000,	7.00,	0.233,	'0.333',	2,	25000.00000000,	0,	' '),
(30,	7,	2,	'2016-01-20 00:00:00',	25000.00000000,	7.00,	0.233,	'0.333',	2,	25000.00000000,	0,	' '),
(31,	8,	3,	'2016-01-12 00:00:00',	40000.00000000,	9.00,	0.450,	'0.500',	2,	40000.00000000,	0,	' '),
(32,	8,	4,	'2016-01-20 00:00:00',	40000.00000000,	9.00,	0.450,	'0.500',	2,	40000.00000000,	0,	' '),
(33,	9,	1,	'2016-03-22 00:00:00',	10000.00000000,	8.00,	NULL,	NULL,	4,	NULL,	0,	' '),
(34,	9,	2,	'2016-01-14 00:00:00',	50000.00000000,	8.00,	0.400,	'0.500',	2,	50000.00000000,	0,	' '),
(35,	9,	3,	'2016-01-16 00:00:00',	50000.00000000,	8.00,	0.400,	'0.500',	2,	50000.00000000,	0,	' '),
(36,	10,	4,	'2016-01-20 00:00:00',	125000.00000000,	8.50,	0.434,	'0.510',	2,	125000.00000000,	0,	' '),
(37,	10,	5,	'2016-01-24 00:00:00',	120000.00000000,	8.50,	0.417,	'0.490',	2,	120000.00000000,	0,	' '),
(38,	11,	2,	'2016-01-16 00:00:00',	50000.00000000,	9.25,	0.925,	'1.000',	2,	50000.00000000,	0,	' '),
(39,	12,	3,	'2016-01-25 00:00:00',	70000.00000000,	11.25,	1.125,	'1.000',	2,	70000.00000000,	0,	' '),
(40,	13,	4,	'2016-01-27 00:00:00',	80000.00000000,	7.00,	0.700,	'1.000',	2,	80000.00000000,	0,	' '),
(41,	14,	1,	'2016-03-22 00:00:00',	10000.00000000,	8.00,	NULL,	NULL,	4,	NULL,	0,	' '),
(42,	14,	2,	'2016-01-29 00:00:00',	90000.00000000,	9.00,	0.368,	'0.409',	2,	90000.00000000,	0,	' '),
(43,	14,	3,	'2016-01-29 00:00:00',	90000.00000000,	9.00,	0.368,	'0.409',	2,	90000.00000000,	0,	' '),
(44,	14,	4,	'2016-01-29 00:00:00',	40000.00000000,	9.00,	0.164,	'0.182',	2,	40000.00000000,	0,	' '),
(45,	15,	5,	'2016-01-29 00:00:00',	25000.00000000,	11.00,	0.366,	'0.333',	2,	25000.00000000,	0,	' '),
(46,	15,	2,	'2016-01-29 00:00:00',	50000.00000000,	11.00,	0.734,	'0.667',	2,	50000.00000000,	0,	' '),
(47,	16,	3,	'2016-02-20 00:00:00',	90000.00000000,	10.00,	NULL,	NULL,	1,	NULL,	0,	' '),
(48,	16,	4,	'2016-02-20 00:00:00',	90000.00000000,	10.00,	NULL,	NULL,	1,	NULL,	0,	' '),
(49,	17,	1,	'2016-03-22 00:00:00',	10000.00000000,	8.00,	NULL,	NULL,	4,	NULL,	0,	' '),
(50,	17,	2,	'2016-02-20 00:00:00',	90000.00000000,	15.00,	NULL,	NULL,	1,	NULL,	0,	' '),
(51,	17,	3,	'2016-02-20 00:00:00',	90000.00000000,	15.00,	NULL,	NULL,	1,	NULL,	0,	' '),
(52,	18,	4,	'2016-02-21 00:00:00',	150000.00000000,	18.00,	NULL,	NULL,	1,	NULL,	0,	' '),
(53,	18,	5,	'2016-02-21 00:00:00',	25000.00000000,	18.00,	NULL,	NULL,	1,	NULL,	0,	' '),
(54,	18,	2,	'2016-02-22 00:00:00',	25000.00000000,	18.00,	NULL,	NULL,	1,	NULL,	0,	' '),
(55,	19,	3,	'2016-02-22 00:00:00',	25000.00000000,	17.00,	NULL,	NULL,	1,	NULL,	0,	' '),
(56,	19,	4,	'2016-02-22 00:00:00',	25000.00000000,	17.00,	NULL,	NULL,	1,	NULL,	0,	' '),
(57,	20,	1,	'2016-03-22 00:00:00',	10000.00000000,	8.00,	NULL,	NULL,	4,	NULL,	0,	' '),
(58,	20,	2,	'2016-02-23 00:00:00',	25000.00000000,	15.00,	NULL,	NULL,	1,	NULL,	0,	' '),
(59,	21,	3,	'2016-02-24 00:00:00',	20000.00000000,	16.00,	NULL,	NULL,	1,	NULL,	0,	' '),
(60,	22,	4,	'2016-02-25 00:00:00',	20000.00000000,	12.00,	NULL,	NULL,	1,	NULL,	0,	' '),
(61,	23,	5,	'2016-02-26 00:00:00',	20000.00000000,	13.00,	NULL,	NULL,	1,	NULL,	0,	' '),
(62,	24,	2,	'2016-02-27 00:00:00',	30000.00000000,	13.50,	NULL,	NULL,	1,	NULL,	0,	' '),
(63,	24,	3,	'2016-02-27 00:00:00',	20000.00000000,	13.50,	NULL,	NULL,	1,	NULL,	0,	' '),
(64,	24,	4,	'2016-02-27 00:00:00',	30000.00000000,	13.50,	NULL,	NULL,	1,	NULL,	0,	' '),
(65,	24,	5,	'2016-02-27 00:00:00',	30000.00000000,	13.50,	NULL,	NULL,	1,	NULL,	0,	' '),
(69,	16,	1,	'2016-03-23 00:00:00',	10000.00000000,	10.00,	NULL,	NULL,	2,	NULL,	NULL,	NULL),
(70,	19,	1,	'2016-03-23 00:00:00',	20000.00000000,	15.00,	NULL,	NULL,	1,	NULL,	NULL,	NULL);

DROP TABLE IF EXISTS `loan_comments`;
CREATE TABLE `loan_comments` (
  `comments_id` int(11) NOT NULL AUTO_INCREMENT,
  `loan_id` int(11) DEFAULT NULL,
  `comment_datetime` datetime DEFAULT NULL,
  `commented_by_user` int(11) DEFAULT NULL,
  `in_response_to` int(11) DEFAULT NULL,
  `comments_text` varchar(2500) DEFAULT NULL,
  `comments_read_status` int(11) DEFAULT NULL,
  PRIMARY KEY (`comments_id`),
  KEY `fk_loan_comments_loans1_idx` (`loan_id`),
  CONSTRAINT `fk_loan_comments_loans1` FOREIGN KEY (`loan_id`) REFERENCES `loans` (`loan_id`) ON DELETE NO ACTION ON UPDATE NO ACTION
) ENGINE=InnoDB DEFAULT CHARSET=latin1;

INSERT INTO `loan_comments` (`comments_id`, `loan_id`, `comment_datetime`, `commented_by_user`, `in_response_to`, `comments_text`, `comments_read_status`) VALUES
(1,	16,	'2016-03-12 00:00:00',	23,	NULL,	'This is a first comment',	NULL),
(2,	16,	'2016-03-12 00:00:00',	10,	1,	'Very nice. Good to have you here',	NULL),
(3,	16,	'2016-03-12 00:00:00',	23,	1,	'Thank you very much sir',	NULL),
(4,	16,	'2016-03-13 00:00:00',	26,	NULL,	'Thisi is the second comment',	NULL),
(5,	16,	'2016-03-13 09:00:00',	10,	4,	'Super. I like this a lot',	NULL),
(6,	16,	'2016-03-13 10:00:00',	23,	4,	'Great Sir. I too like this a lot',	NULL),
(13,	1,	'2016-03-12 00:00:00',	23,	NULL,	'This is a first comment',	NULL),
(14,	1,	'2016-03-12 00:00:00',	1,	13,	'Very nice. Good to have you here',	NULL),
(15,	1,	'2016-03-12 00:00:00',	23,	13,	'Thank you very much sir',	NULL),
(16,	1,	'2016-03-13 00:00:00',	26,	NULL,	'Thisi is the second comment',	NULL),
(17,	1,	'2016-03-13 09:00:00',	1,	16,	'Super. I like this a lot',	NULL),
(18,	1,	'2016-03-13 10:00:00',	23,	16,	'Great Sir. I too like this a lot',	NULL),
(20,	1,	'2016-03-15 10:58:43',	1,	16,	'This is test reply 1 by open it works',	NULL),
(21,	1,	'2016-03-15 10:59:20',	1,	16,	'This is test reply 2 by open it works',	NULL),
(22,	1,	'2016-03-15 11:09:41',	1,	16,	'Hello there\n',	NULL),
(32,	1,	'2016-03-22 11:52:59',	17,	NULL,	'Lorem ipsum dolor sit amet, eos zril noster appareat et. Eum et hinc aeterno tritani, per id lorem copiosae. Sed mollis alterum interesset eu, facer scripserit theophrastus quo eu, eum civibus deleniti at.',	NULL),
(33,	1,	'2016-03-22 11:53:09',	17,	32,	'first reply',	NULL),
(34,	1,	'2016-03-22 11:53:26',	1,	32,	'second reply',	NULL),
(35,	1,	'2016-03-23 11:22:41',	17,	NULL,	'Test Comment',	NULL),
(36,	1,	'2016-03-23 11:25:54',	17,	35,	'Reply for above comment \"test comment\"',	NULL),
(37,	16,	'2016-03-23 11:39:12',	17,	4,	'Hi Deepan How R u',	NULL);

DROP TABLE IF EXISTS `loan_docs_submitted`;
CREATE TABLE `loan_docs_submitted` (
  `loan_doc_submitted_id` int(11) NOT NULL AUTO_INCREMENT,
  `loan_doc_id` int(11) NOT NULL,
  `loan_id` int(11) NOT NULL,
  `status` int(11) DEFAULT NULL,
  `loan_doc_url` varchar(255) DEFAULT NULL,
  PRIMARY KEY (`loan_doc_submitted_id`),
  KEY `fk_loan_docs_submitted_loans1_idx` (`loan_id`),
  KEY `fk_loan_docs_submitted_loan_doc_master1_idx` (`loan_doc_id`),
  CONSTRAINT `fk_loan_docs_submitted_loans1` FOREIGN KEY (`loan_id`) REFERENCES `loans` (`loan_id`) ON DELETE NO ACTION ON UPDATE NO ACTION,
  CONSTRAINT `fk_loan_docs_submitted_loan_doc_master1` FOREIGN KEY (`loan_doc_id`) REFERENCES `loan_doc_master` (`loan_doc_id`) ON DELETE NO ACTION ON UPDATE NO ACTION
) ENGINE=InnoDB DEFAULT CHARSET=latin1;

INSERT INTO `loan_docs_submitted` (`loan_doc_submitted_id`, `loan_doc_id`, `loan_id`, `status`, `loan_doc_url`) VALUES
(1,	1,	1,	4,	' '),
(2,	1,	2,	4,	' '),
(3,	1,	3,	4,	' '),
(4,	1,	4,	4,	' '),
(5,	1,	5,	4,	' '),
(6,	1,	6,	4,	' '),
(7,	1,	7,	4,	' '),
(8,	1,	8,	4,	' '),
(9,	1,	9,	4,	' '),
(10,	1,	10,	4,	' '),
(11,	1,	11,	4,	' '),
(12,	1,	12,	4,	' '),
(13,	1,	13,	4,	' '),
(14,	1,	14,	4,	' '),
(15,	1,	15,	4,	' '),
(16,	2,	1,	4,	' '),
(17,	2,	2,	4,	' '),
(18,	2,	3,	4,	' '),
(19,	2,	4,	4,	' '),
(20,	2,	5,	4,	' '),
(21,	2,	6,	4,	' '),
(22,	2,	7,	4,	' '),
(23,	2,	8,	4,	' '),
(24,	2,	9,	4,	' '),
(25,	2,	10,	4,	' '),
(26,	2,	11,	4,	' '),
(27,	2,	12,	4,	' '),
(28,	2,	13,	4,	' '),
(29,	2,	14,	4,	' '),
(30,	2,	15,	4,	' '),
(31,	3,	1,	4,	' '),
(32,	3,	2,	4,	' '),
(33,	3,	3,	4,	' '),
(34,	3,	4,	4,	' '),
(35,	3,	5,	4,	' '),
(36,	3,	6,	4,	' '),
(37,	3,	7,	4,	' '),
(38,	3,	8,	4,	' '),
(39,	3,	9,	4,	' '),
(40,	3,	10,	4,	' '),
(41,	3,	11,	4,	' '),
(42,	3,	12,	4,	' '),
(43,	3,	13,	4,	' '),
(44,	3,	14,	4,	' '),
(45,	3,	15,	4,	' '),
(61,	5,	1,	4,	' '),
(62,	5,	2,	4,	' '),
(63,	5,	3,	4,	' '),
(64,	5,	4,	4,	' '),
(65,	5,	5,	4,	' '),
(66,	5,	6,	4,	' '),
(67,	5,	7,	4,	' '),
(68,	5,	8,	4,	' '),
(69,	5,	9,	4,	' '),
(70,	5,	10,	4,	' '),
(71,	5,	11,	4,	' '),
(72,	5,	12,	4,	' '),
(73,	5,	13,	4,	' '),
(74,	5,	14,	4,	' '),
(75,	5,	15,	4,	' '),
(76,	6,	1,	4,	' '),
(77,	6,	2,	4,	' '),
(78,	6,	3,	4,	' '),
(79,	6,	4,	4,	' '),
(80,	6,	5,	4,	' '),
(81,	6,	6,	4,	' '),
(82,	6,	7,	4,	' '),
(83,	6,	8,	4,	' '),
(84,	6,	9,	4,	' '),
(85,	6,	10,	4,	' '),
(86,	6,	11,	4,	' '),
(87,	6,	12,	4,	' '),
(88,	6,	13,	4,	' '),
(89,	6,	14,	4,	' '),
(90,	6,	15,	4,	' '),
(91,	7,	1,	4,	' '),
(92,	7,	2,	4,	' '),
(93,	7,	3,	4,	' '),
(94,	7,	4,	4,	' '),
(95,	7,	5,	4,	' '),
(96,	7,	6,	4,	' '),
(97,	7,	7,	4,	' '),
(98,	7,	8,	4,	' '),
(99,	7,	9,	4,	' '),
(100,	7,	10,	4,	' '),
(101,	7,	11,	4,	' '),
(102,	7,	12,	4,	' '),
(103,	7,	13,	4,	' '),
(104,	7,	14,	4,	' '),
(105,	7,	15,	4,	' '),
(106,	8,	1,	4,	' '),
(107,	8,	2,	4,	' '),
(108,	8,	3,	4,	' '),
(109,	8,	4,	4,	' '),
(110,	8,	5,	4,	' '),
(111,	8,	6,	4,	' '),
(112,	8,	7,	4,	' '),
(113,	8,	8,	4,	' '),
(114,	8,	9,	4,	' '),
(115,	8,	10,	4,	' '),
(116,	8,	11,	4,	' '),
(117,	8,	12,	4,	' '),
(118,	8,	13,	4,	' '),
(119,	8,	14,	4,	' '),
(120,	8,	15,	4,	' '),
(121,	9,	1,	4,	' '),
(122,	9,	2,	4,	' '),
(123,	9,	3,	4,	' '),
(124,	9,	4,	4,	' '),
(125,	9,	5,	4,	' '),
(126,	9,	6,	4,	' '),
(127,	9,	7,	4,	' '),
(128,	9,	8,	4,	' '),
(129,	9,	9,	4,	' '),
(130,	9,	10,	4,	' '),
(131,	9,	11,	4,	' '),
(132,	9,	12,	4,	' '),
(133,	9,	13,	4,	' '),
(134,	9,	14,	4,	' '),
(135,	9,	15,	4,	' '),
(136,	10,	1,	4,	' '),
(137,	10,	2,	4,	' '),
(138,	10,	3,	4,	' '),
(139,	10,	4,	4,	' '),
(140,	10,	5,	4,	' '),
(141,	10,	6,	4,	' '),
(142,	10,	7,	4,	' '),
(143,	10,	8,	4,	' '),
(144,	10,	9,	4,	' '),
(145,	10,	10,	4,	' '),
(146,	10,	11,	4,	' '),
(147,	10,	12,	4,	' '),
(148,	10,	13,	4,	' '),
(149,	10,	14,	4,	' '),
(150,	10,	15,	4,	' '),
(151,	11,	1,	4,	' '),
(152,	11,	2,	4,	' '),
(153,	11,	3,	4,	' '),
(154,	11,	4,	4,	' '),
(155,	11,	5,	4,	' '),
(156,	11,	6,	4,	' '),
(157,	11,	7,	4,	' '),
(158,	11,	8,	4,	' '),
(159,	11,	9,	4,	' '),
(160,	11,	10,	4,	' '),
(161,	11,	11,	4,	' '),
(162,	11,	12,	4,	' '),
(163,	11,	13,	4,	' '),
(164,	11,	14,	4,	' '),
(165,	11,	15,	4,	' '),
(166,	12,	1,	4,	' '),
(167,	12,	2,	4,	' '),
(168,	12,	3,	4,	' '),
(169,	12,	4,	4,	' '),
(170,	12,	5,	4,	' '),
(171,	12,	6,	4,	' '),
(172,	12,	7,	4,	' '),
(173,	12,	8,	4,	' '),
(174,	12,	9,	4,	' '),
(175,	12,	10,	4,	' '),
(176,	12,	11,	4,	' '),
(177,	12,	12,	4,	' '),
(178,	12,	13,	4,	' '),
(179,	12,	14,	4,	' '),
(180,	12,	15,	4,	' '),
(181,	13,	1,	4,	' '),
(182,	13,	2,	4,	' '),
(183,	13,	3,	4,	' '),
(184,	13,	4,	4,	' '),
(185,	13,	5,	4,	' '),
(186,	13,	6,	4,	' '),
(187,	13,	7,	4,	' '),
(188,	13,	8,	4,	' '),
(189,	13,	9,	4,	' '),
(190,	13,	10,	4,	' '),
(191,	13,	11,	4,	' '),
(192,	13,	12,	4,	' '),
(193,	13,	13,	4,	' '),
(194,	13,	14,	4,	' '),
(195,	13,	15,	4,	' '),
(196,	14,	1,	4,	' '),
(197,	14,	2,	4,	' '),
(198,	14,	3,	4,	' '),
(199,	14,	4,	4,	' '),
(200,	14,	5,	4,	' '),
(201,	14,	6,	4,	' '),
(202,	14,	7,	4,	' '),
(203,	14,	8,	4,	' '),
(204,	14,	9,	4,	' '),
(205,	14,	10,	4,	' '),
(206,	14,	11,	4,	' '),
(207,	14,	12,	4,	' '),
(208,	14,	13,	4,	' '),
(209,	14,	14,	4,	' '),
(210,	14,	15,	4,	' '),
(211,	15,	1,	4,	' '),
(212,	15,	2,	4,	' '),
(213,	15,	3,	4,	' '),
(214,	15,	4,	4,	' '),
(215,	15,	5,	4,	' '),
(216,	15,	6,	4,	' '),
(217,	15,	7,	4,	' '),
(218,	15,	8,	4,	' '),
(219,	15,	9,	4,	' '),
(220,	15,	10,	4,	' '),
(221,	15,	11,	4,	' '),
(222,	15,	12,	4,	' '),
(223,	15,	13,	4,	' '),
(224,	15,	14,	4,	' '),
(225,	15,	15,	4,	' '),
(226,	1,	25,	NULL,	'uploads/borrower/1/loan25documents/IdeaPaymentReceipt.pdf'),
(227,	2,	25,	NULL,	'uploads/borrower/1/loan25documents/sort_row_bg.gif'),
(228,	3,	25,	NULL,	'uploads/borrower/1/loan25documents/process.gif'),
(230,	5,	25,	NULL,	'uploads/borrower/1/loan25documents/mozilla1.pdf'),
(231,	6,	25,	NULL,	'uploads/borrower/1/loan25documents/moneymatch.sql'),
(232,	7,	25,	NULL,	'uploads/borrower/1/loan25documents/invation-model.jpg'),
(233,	8,	25,	NULL,	'uploads/borrower/1/loan25documents/interview.txt'),
(234,	1,	26,	NULL,	'uploads/borrower/3/loan26documents/green-smiley.png');

DROP TABLE IF EXISTS `loan_doc_master`;
CREATE TABLE `loan_doc_master` (
  `loan_doc_id` int(11) NOT NULL AUTO_INCREMENT,
  `doc_name` varchar(1000) NOT NULL,
  `is_mandatory` int(11) NOT NULL,
  `short_name` varchar(100) DEFAULT NULL,
  PRIMARY KEY (`loan_doc_id`)
) ENGINE=InnoDB DEFAULT CHARSET=latin1;

INSERT INTO `loan_doc_master` (`loan_doc_id`, `doc_name`, `is_mandatory`, `short_name`) VALUES
(1,	'Past 2 Years Financial Statements. Audited where applicable.',	1,	'Past 2 Years Financial Statements.'),
(2,	'All Company Bank Statements for the Past 6 months (backtrack',	1,	'6 Months Bank Statements'),
(3,	'Corporate Bank Account Details With the account holders name, local trading address. ',	1,	'Bank Account Details'),
(5,	'If local trading address is not available on the bank statem',	1,	'Address Proof Documents'),
(6,	'Details of outstanding loans from other banks and its repaym',	1,	'Outstanding loans from other banks'),
(7,	'A copy of Credit Bureau Singapore Report',	1,	'A copy of Credit Bureau Singapore Report'),
(8,	'Proof of ID of Directors/Partners ',	1,	'Proof of ID of Directors/Partners '),
(9,	'Personal: SC/PR: IC',	1,	'Personal: SC/PR: IC'),
(10,	'Foreign: PP, EP, DP, SP',	1,	'Foreign: PP, EP, DP, SP'),
(11,	'M&AA/LLP Agreement (signed on first page)',	1,	'M&AA/LLP Agreement'),
(12,	'Proof of Residential Address of Directors/Partners',	1,	'Proof of Residential Address of Directors/Par'),
(13,	'Most Recent Income Tax Notice of Assessment of Guarantor',	1,	'Most Recent Income Tax Notice of Assessment of Guarantor'),
(14,	'Latest ACRA Biz File (or equivalent)',	1,	'Latest ACRA Biz File (or equivalent)'),
(15,	'Most current Management Accounts',	1,	'Most current Management Accounts');

DROP TABLE IF EXISTS `loan_ledger`;
CREATE TABLE `loan_ledger` (
  `loan_trans_id` int(11) NOT NULL AUTO_INCREMENT,
  `loan_id` int(11) DEFAULT NULL,
  `trans_type` int(11) DEFAULT NULL,
  `user_id` int(11) DEFAULT NULL,
  `trans_date` date DEFAULT NULL,
  `trans_amount` decimal(20,8) DEFAULT NULL,
  `trans_currency` varchar(4) DEFAULT NULL,
  `trans_reference_number` varchar(1000) DEFAULT NULL,
  `status` int(11) DEFAULT NULL,
  `remarks` longtext,
  PRIMARY KEY (`loan_trans_id`)
) ENGINE=InnoDB DEFAULT CHARSET=latin1;


DROP TABLE IF EXISTS `loan_repayment_schedule`;
CREATE TABLE `loan_repayment_schedule` (
  `repayment_schedule_id` int(11) NOT NULL AUTO_INCREMENT,
  `loan_id` int(11) NOT NULL,
  `borrower_id` int(11) DEFAULT NULL,
  `repayment_schedule_date` date DEFAULT NULL,
  `repayment_scheduled_amount` decimal(20,8) DEFAULT NULL,
  `repayment_status` int(11) DEFAULT NULL COMMENT '1 -> Unpaid2 -> Paid',
  `repayment_actual_date` date DEFAULT NULL,
  `repayment_actual_amount` decimal(20,8) DEFAULT NULL,
  `remarks` varchar(1000) DEFAULT NULL,
  `principal_component` decimal(20,8) DEFAULT NULL,
  `interest_component` decimal(20,8) DEFAULT NULL,
  PRIMARY KEY (`repayment_schedule_id`),
  KEY `fk_loan_repayment_schedule_loans1_idx` (`loan_id`),
  KEY `fk_loan_repayment_schedule_borrowers1_idx` (`borrower_id`),
  CONSTRAINT `fk_loan_repayment_schedule_borrowers1` FOREIGN KEY (`borrower_id`) REFERENCES `borrowers` (`borrower_id`) ON DELETE NO ACTION ON UPDATE NO ACTION,
  CONSTRAINT `fk_loan_repayment_schedule_loans1` FOREIGN KEY (`loan_id`) REFERENCES `loans` (`loan_id`) ON DELETE NO ACTION ON UPDATE NO ACTION
) ENGINE=InnoDB DEFAULT CHARSET=latin1;

INSERT INTO `loan_repayment_schedule` (`repayment_schedule_id`, `loan_id`, `borrower_id`, `repayment_schedule_date`, `repayment_scheduled_amount`, `repayment_status`, `repayment_actual_date`, `repayment_actual_amount`, `remarks`, `principal_component`, `interest_component`) VALUES
(1,	1,	1,	'2016-02-03',	20270.00000000,	2,	'2016-02-15',	20270.00000000,	NULL,	NULL,	NULL),
(2,	1,	1,	'2016-03-03',	20270.00000000,	2,	'2016-03-03',	20270.00000000,	NULL,	NULL,	NULL),
(3,	1,	1,	'2016-04-03',	20270.00000000,	1,	NULL,	NULL,	NULL,	NULL,	NULL),
(4,	1,	1,	'2016-05-03',	20270.00000000,	1,	NULL,	NULL,	NULL,	NULL,	NULL),
(5,	1,	1,	'2016-06-03',	20270.00000000,	1,	NULL,	NULL,	NULL,	NULL,	NULL),
(6,	1,	1,	'2016-07-03',	20270.00000000,	1,	NULL,	NULL,	NULL,	NULL,	NULL),
(7,	1,	1,	'2016-08-03',	20270.00000000,	1,	NULL,	NULL,	NULL,	NULL,	NULL),
(8,	1,	1,	'2016-09-03',	20270.00000000,	1,	NULL,	NULL,	NULL,	NULL,	NULL),
(9,	1,	1,	'2016-10-03',	20270.00000000,	1,	NULL,	NULL,	NULL,	NULL,	NULL),
(10,	1,	1,	'2016-11-03',	20270.00000000,	1,	NULL,	NULL,	NULL,	NULL,	NULL),
(11,	1,	1,	'2016-12-03',	20270.00000000,	1,	NULL,	NULL,	NULL,	NULL,	NULL),
(12,	1,	1,	'2017-01-03',	20270.00000000,	1,	NULL,	NULL,	NULL,	NULL,	NULL),
(13,	2,	2,	'2016-02-03',	13185.26000000,	2,	'2016-02-03',	13185.26000000,	NULL,	NULL,	NULL),
(14,	2,	2,	'2016-03-03',	13185.26000000,	2,	'2016-03-03',	13185.26000000,	NULL,	NULL,	NULL),
(15,	2,	2,	'2016-03-15',	13185.26000000,	1,	NULL,	NULL,	NULL,	NULL,	NULL),
(16,	2,	2,	'2016-05-03',	13185.26000000,	1,	NULL,	NULL,	NULL,	NULL,	NULL),
(17,	2,	2,	'2016-06-03',	13185.26000000,	1,	NULL,	NULL,	NULL,	NULL,	NULL),
(18,	2,	2,	'2016-07-03',	13185.26000000,	1,	NULL,	NULL,	NULL,	NULL,	NULL),
(19,	2,	2,	'2016-08-03',	13185.26000000,	1,	NULL,	NULL,	NULL,	NULL,	NULL),
(20,	2,	2,	'2016-09-03',	13185.26000000,	1,	NULL,	NULL,	NULL,	NULL,	NULL),
(21,	2,	2,	'2016-10-03',	13185.26000000,	1,	NULL,	NULL,	NULL,	NULL,	NULL),
(22,	2,	2,	'2016-11-03',	13185.26000000,	1,	NULL,	NULL,	NULL,	NULL,	NULL),
(23,	2,	2,	'2016-12-03',	13185.26000000,	1,	NULL,	NULL,	NULL,	NULL,	NULL),
(24,	2,	2,	'2017-01-03',	13185.26000000,	1,	NULL,	NULL,	NULL,	NULL,	NULL),
(25,	3,	2,	'2016-02-03',	15466.00000000,	2,	'2016-02-03',	15466.00000000,	NULL,	NULL,	NULL),
(26,	3,	2,	'2016-03-03',	15466.00000000,	2,	'2016-03-03',	15466.00000000,	NULL,	NULL,	NULL),
(27,	3,	2,	'2016-04-03',	15466.00000000,	1,	NULL,	NULL,	NULL,	NULL,	NULL),
(28,	3,	2,	'2016-05-03',	15466.00000000,	1,	NULL,	NULL,	NULL,	NULL,	NULL),
(29,	3,	2,	'2016-06-03',	15466.00000000,	1,	NULL,	NULL,	NULL,	NULL,	NULL),
(30,	3,	2,	'2016-07-03',	15466.00000000,	1,	NULL,	NULL,	NULL,	NULL,	NULL),
(31,	3,	2,	'2016-08-03',	15466.00000000,	1,	NULL,	NULL,	NULL,	NULL,	NULL),
(32,	3,	2,	'2016-09-03',	15466.00000000,	1,	NULL,	NULL,	NULL,	NULL,	NULL),
(33,	3,	2,	'2016-10-03',	15466.00000000,	1,	NULL,	NULL,	NULL,	NULL,	NULL),
(34,	3,	2,	'2016-11-03',	15466.00000000,	1,	NULL,	NULL,	NULL,	NULL,	NULL),
(35,	3,	2,	'2016-12-03',	15466.00000000,	1,	NULL,	NULL,	NULL,	NULL,	NULL),
(36,	3,	2,	'2017-01-03',	15458.00000000,	1,	NULL,	NULL,	NULL,	NULL,	NULL),
(37,	4,	2,	'2016-02-03',	19833.44000000,	2,	'2016-02-03',	19833.44000000,	NULL,	NULL,	NULL),
(38,	4,	2,	'2016-03-03',	19833.44000000,	2,	'2016-03-03',	19833.44000000,	NULL,	NULL,	NULL),
(39,	4,	2,	'2016-04-03',	19833.44000000,	1,	NULL,	NULL,	NULL,	NULL,	NULL),
(40,	4,	2,	'2016-05-03',	19833.44000000,	1,	NULL,	NULL,	NULL,	NULL,	NULL),
(41,	4,	2,	'2016-06-03',	19833.44000000,	1,	NULL,	NULL,	NULL,	NULL,	NULL),
(42,	4,	2,	'2016-07-03',	19833.44000000,	1,	NULL,	NULL,	NULL,	NULL,	NULL),
(43,	4,	2,	'2016-08-03',	19833.44000000,	1,	NULL,	NULL,	NULL,	NULL,	NULL),
(44,	4,	2,	'2016-09-03',	19833.44000000,	1,	NULL,	NULL,	NULL,	NULL,	NULL),
(45,	4,	2,	'2016-10-03',	19833.44000000,	1,	NULL,	NULL,	NULL,	NULL,	NULL),
(46,	4,	2,	'2016-11-03',	19833.44000000,	1,	NULL,	NULL,	NULL,	NULL,	NULL),
(47,	4,	2,	'2016-12-03',	19833.44000000,	1,	NULL,	NULL,	NULL,	NULL,	NULL),
(48,	4,	2,	'2017-01-03',	19833.44000000,	1,	NULL,	NULL,	NULL,	NULL,	NULL),
(49,	5,	3,	'2016-02-03',	17629.72000000,	2,	'2016-02-03',	17629.72000000,	NULL,	NULL,	NULL),
(50,	5,	3,	'2016-03-03',	17629.72000000,	1,	'0000-00-00',	0.00000000,	NULL,	NULL,	NULL),
(51,	5,	3,	'2016-04-03',	17629.72000000,	1,	'0000-00-00',	0.00000000,	NULL,	NULL,	NULL),
(52,	5,	3,	'2016-05-03',	17629.72000000,	1,	NULL,	NULL,	NULL,	NULL,	NULL),
(53,	5,	3,	'2016-06-03',	17629.72000000,	1,	NULL,	NULL,	NULL,	NULL,	NULL),
(54,	5,	3,	'2016-07-03',	17629.72000000,	1,	NULL,	NULL,	NULL,	NULL,	NULL),
(55,	5,	3,	'2016-08-03',	17629.72000000,	1,	NULL,	NULL,	NULL,	NULL,	NULL),
(56,	5,	3,	'2016-09-03',	17629.72000000,	1,	NULL,	NULL,	NULL,	NULL,	NULL),
(57,	5,	3,	'2016-10-03',	17629.72000000,	1,	NULL,	NULL,	NULL,	NULL,	NULL),
(58,	5,	3,	'2016-11-03',	17629.72000000,	1,	NULL,	NULL,	NULL,	NULL,	NULL),
(59,	5,	3,	'2016-12-03',	17629.72000000,	1,	NULL,	NULL,	NULL,	NULL,	NULL),
(60,	5,	3,	'2017-01-03',	17629.72000000,	1,	NULL,	NULL,	NULL,	NULL,	NULL),
(61,	6,	4,	'2016-02-03',	34980.59000000,	2,	'2016-02-03',	34980.59000000,	NULL,	NULL,	NULL),
(62,	6,	4,	'2016-03-03',	34980.59000000,	2,	'2016-03-03',	34980.59000000,	NULL,	NULL,	NULL),
(63,	6,	4,	'2016-04-03',	34980.59000000,	1,	NULL,	NULL,	NULL,	NULL,	NULL),
(64,	6,	4,	'2016-05-03',	34980.59000000,	1,	NULL,	NULL,	NULL,	NULL,	NULL),
(65,	6,	4,	'2016-06-03',	34980.59000000,	1,	NULL,	NULL,	NULL,	NULL,	NULL),
(66,	6,	4,	'2016-07-03',	34980.59000000,	1,	NULL,	NULL,	NULL,	NULL,	NULL),
(67,	6,	4,	'2016-08-03',	34980.59000000,	1,	NULL,	NULL,	NULL,	NULL,	NULL),
(68,	6,	4,	'2016-09-03',	34980.59000000,	1,	NULL,	NULL,	NULL,	NULL,	NULL),
(69,	6,	4,	'2016-10-03',	34980.59000000,	1,	NULL,	NULL,	NULL,	NULL,	NULL),
(70,	6,	4,	'2016-11-03',	34980.59000000,	1,	NULL,	NULL,	NULL,	NULL,	NULL),
(71,	6,	4,	'2016-12-03',	34980.59000000,	1,	NULL,	NULL,	NULL,	NULL,	NULL),
(72,	6,	4,	'2017-01-03',	34980.59000000,	1,	NULL,	NULL,	NULL,	NULL,	NULL),
(73,	7,	4,	'2016-02-03',	25958.02000000,	2,	'2016-02-03',	25958.02000000,	NULL,	NULL,	NULL),
(74,	7,	4,	'2016-03-03',	25958.02000000,	2,	'2016-03-03',	25958.02000000,	NULL,	NULL,	NULL),
(75,	7,	4,	'2016-04-03',	25958.02000000,	1,	NULL,	NULL,	NULL,	NULL,	NULL),
(76,	7,	4,	'2016-05-03',	25958.02000000,	1,	NULL,	NULL,	NULL,	NULL,	NULL),
(77,	7,	4,	'2016-06-03',	25958.02000000,	1,	NULL,	NULL,	NULL,	NULL,	NULL),
(78,	7,	4,	'2016-07-03',	25958.02000000,	1,	NULL,	NULL,	NULL,	NULL,	NULL),
(79,	7,	4,	'2016-08-03',	25958.02000000,	1,	NULL,	NULL,	NULL,	NULL,	NULL),
(80,	7,	4,	'2016-09-03',	25958.02000000,	1,	NULL,	NULL,	NULL,	NULL,	NULL),
(81,	7,	4,	'2016-10-03',	25958.02000000,	1,	NULL,	NULL,	NULL,	NULL,	NULL),
(82,	7,	4,	'2016-11-03',	25958.02000000,	1,	NULL,	NULL,	NULL,	NULL,	NULL),
(83,	7,	4,	'2016-12-03',	25958.02000000,	1,	NULL,	NULL,	NULL,	NULL,	NULL),
(84,	7,	4,	'2017-01-03',	25958.02000000,	1,	NULL,	NULL,	NULL,	NULL,	NULL),
(85,	8,	4,	'2016-03-03',	17490.30000000,	2,	'2016-03-03',	17490.30000000,	NULL,	NULL,	NULL),
(86,	8,	4,	'2016-04-03',	17490.30000000,	1,	NULL,	NULL,	NULL,	NULL,	NULL),
(87,	8,	4,	'2016-05-03',	17490.30000000,	1,	NULL,	NULL,	NULL,	NULL,	NULL),
(88,	8,	4,	'2016-06-03',	17490.30000000,	1,	NULL,	NULL,	NULL,	NULL,	NULL),
(89,	8,	4,	'2016-07-03',	17490.30000000,	1,	NULL,	NULL,	NULL,	NULL,	NULL),
(90,	8,	4,	'2016-08-03',	17490.30000000,	1,	NULL,	NULL,	NULL,	NULL,	NULL),
(91,	8,	4,	'2016-09-03',	17490.30000000,	1,	NULL,	NULL,	NULL,	NULL,	NULL),
(92,	8,	4,	'2016-10-03',	17490.30000000,	1,	NULL,	NULL,	NULL,	NULL,	NULL),
(93,	8,	4,	'2016-11-03',	17490.30000000,	1,	NULL,	NULL,	NULL,	NULL,	NULL),
(94,	8,	4,	'2016-12-03',	17490.30000000,	1,	NULL,	NULL,	NULL,	NULL,	NULL),
(95,	8,	4,	'2017-01-03',	17490.30000000,	1,	NULL,	NULL,	NULL,	NULL,	NULL),
(96,	8,	4,	'2017-02-04',	17490.30000000,	1,	NULL,	NULL,	NULL,	NULL,	NULL),
(97,	9,	5,	'2016-03-03',	13048.26000000,	2,	'2016-03-03',	13048.26000000,	NULL,	NULL,	NULL),
(98,	9,	5,	'2016-04-03',	13048.26000000,	1,	NULL,	NULL,	NULL,	NULL,	NULL),
(99,	9,	5,	'2016-05-03',	13048.26000000,	1,	NULL,	NULL,	NULL,	NULL,	NULL),
(100,	9,	5,	'2016-06-03',	13048.26000000,	1,	NULL,	NULL,	NULL,	NULL,	NULL),
(101,	9,	5,	'2016-07-03',	13048.26000000,	1,	NULL,	NULL,	NULL,	NULL,	NULL),
(102,	9,	5,	'2016-08-03',	13048.26000000,	1,	NULL,	NULL,	NULL,	NULL,	NULL),
(103,	9,	5,	'2016-09-03',	13048.26000000,	1,	NULL,	NULL,	NULL,	NULL,	NULL),
(104,	9,	5,	'2016-10-03',	13048.26000000,	1,	NULL,	NULL,	NULL,	NULL,	NULL),
(105,	9,	5,	'2016-11-03',	13048.26000000,	1,	NULL,	NULL,	NULL,	NULL,	NULL),
(106,	9,	5,	'2016-12-03',	13048.26000000,	1,	NULL,	NULL,	NULL,	NULL,	NULL),
(107,	9,	5,	'2017-01-03',	13048.26000000,	1,	NULL,	NULL,	NULL,	NULL,	NULL),
(108,	9,	5,	'2017-02-04',	13048.26000000,	1,	NULL,	NULL,	NULL,	NULL,	NULL),
(109,	10,	6,	'2016-04-03',	15263.46000000,	1,	NULL,	NULL,	NULL,	NULL,	NULL),
(110,	10,	6,	'2016-05-03',	15263.46000000,	1,	NULL,	NULL,	NULL,	NULL,	NULL),
(111,	10,	6,	'2016-06-03',	15263.46000000,	1,	NULL,	NULL,	NULL,	NULL,	NULL),
(112,	10,	6,	'2016-07-03',	15263.46000000,	1,	NULL,	NULL,	NULL,	NULL,	NULL),
(113,	10,	6,	'2016-08-03',	15263.46000000,	1,	NULL,	NULL,	NULL,	NULL,	NULL),
(114,	10,	6,	'2016-09-03',	15263.46000000,	1,	NULL,	NULL,	NULL,	NULL,	NULL),
(115,	10,	6,	'2016-10-03',	15263.46000000,	1,	NULL,	NULL,	NULL,	NULL,	NULL),
(116,	10,	6,	'2016-11-03',	15263.46000000,	1,	NULL,	NULL,	NULL,	NULL,	NULL),
(117,	10,	6,	'2016-12-03',	15263.46000000,	1,	NULL,	NULL,	NULL,	NULL,	NULL),
(118,	10,	6,	'2017-01-03',	15263.46000000,	1,	NULL,	NULL,	NULL,	NULL,	NULL),
(119,	10,	6,	'2017-02-04',	15263.46000000,	1,	NULL,	NULL,	NULL,	NULL,	NULL),
(120,	10,	6,	'2017-02-05',	15263.46000000,	1,	NULL,	NULL,	NULL,	NULL,	NULL),
(121,	11,	7,	'2016-04-03',	7881.07000000,	1,	NULL,	NULL,	NULL,	NULL,	NULL),
(122,	11,	7,	'2016-05-03',	7881.07000000,	1,	NULL,	NULL,	NULL,	NULL,	NULL),
(123,	11,	7,	'2016-06-03',	7881.07000000,	1,	NULL,	NULL,	NULL,	NULL,	NULL),
(124,	11,	7,	'2016-07-03',	7881.07000000,	1,	NULL,	NULL,	NULL,	NULL,	NULL),
(125,	11,	7,	'2016-08-03',	7881.07000000,	1,	NULL,	NULL,	NULL,	NULL,	NULL),
(126,	11,	7,	'2016-09-03',	7881.07000000,	1,	NULL,	NULL,	NULL,	NULL,	NULL),
(127,	11,	7,	'2016-10-03',	7881.07000000,	1,	NULL,	NULL,	NULL,	NULL,	NULL),
(128,	11,	7,	'2016-11-03',	7881.07000000,	1,	NULL,	NULL,	NULL,	NULL,	NULL),
(129,	11,	7,	'2016-12-03',	7881.07000000,	1,	NULL,	NULL,	NULL,	NULL,	NULL),
(130,	11,	7,	'2017-01-03',	7881.07000000,	1,	NULL,	NULL,	NULL,	NULL,	NULL),
(131,	11,	7,	'2017-02-04',	7881.07000000,	1,	NULL,	NULL,	NULL,	NULL,	NULL),
(132,	11,	7,	'2017-02-05',	7881.07000000,	1,	NULL,	NULL,	NULL,	NULL,	NULL),
(133,	12,	7,	'2016-04-03',	8849.83000000,	1,	NULL,	NULL,	NULL,	NULL,	NULL),
(134,	12,	7,	'2016-05-03',	8849.83000000,	1,	NULL,	NULL,	NULL,	NULL,	NULL),
(135,	12,	7,	'2016-06-03',	8849.83000000,	1,	NULL,	NULL,	NULL,	NULL,	NULL),
(136,	12,	7,	'2016-07-03',	8849.83000000,	1,	NULL,	NULL,	NULL,	NULL,	NULL),
(137,	12,	7,	'2016-08-03',	8849.83000000,	1,	NULL,	NULL,	NULL,	NULL,	NULL),
(138,	12,	7,	'2016-09-03',	8849.83000000,	1,	NULL,	NULL,	NULL,	NULL,	NULL),
(139,	12,	7,	'2016-10-03',	8849.83000000,	1,	NULL,	NULL,	NULL,	NULL,	NULL),
(140,	12,	7,	'2016-11-03',	8849.83000000,	1,	NULL,	NULL,	NULL,	NULL,	NULL),
(141,	12,	7,	'2016-12-03',	8849.83000000,	1,	NULL,	NULL,	NULL,	NULL,	NULL),
(142,	12,	7,	'2017-01-03',	8849.83000000,	1,	NULL,	NULL,	NULL,	NULL,	NULL),
(143,	12,	7,	'2017-02-04',	8849.83000000,	1,	NULL,	NULL,	NULL,	NULL,	NULL),
(144,	12,	7,	'2017-02-05',	8849.83000000,	1,	NULL,	NULL,	NULL,	NULL,	NULL),
(145,	13,	7,	'2016-04-03',	43263.37000000,	1,	NULL,	NULL,	NULL,	NULL,	NULL),
(146,	13,	7,	'2016-05-03',	43263.37000000,	1,	NULL,	NULL,	NULL,	NULL,	NULL),
(147,	13,	7,	'2016-06-03',	43263.37000000,	1,	NULL,	NULL,	NULL,	NULL,	NULL),
(148,	13,	7,	'2016-07-03',	43263.37000000,	1,	NULL,	NULL,	NULL,	NULL,	NULL),
(149,	13,	7,	'2016-08-03',	43263.37000000,	1,	NULL,	NULL,	NULL,	NULL,	NULL),
(150,	13,	7,	'2016-09-03',	43263.37000000,	1,	NULL,	NULL,	NULL,	NULL,	NULL),
(151,	13,	7,	'2016-10-03',	43263.37000000,	1,	NULL,	NULL,	NULL,	NULL,	NULL),
(152,	13,	7,	'2016-11-03',	43263.37000000,	1,	NULL,	NULL,	NULL,	NULL,	NULL),
(153,	13,	7,	'2016-12-03',	43263.37000000,	1,	NULL,	NULL,	NULL,	NULL,	NULL),
(154,	13,	7,	'2017-01-03',	43263.37000000,	1,	NULL,	NULL,	NULL,	NULL,	NULL),
(155,	13,	7,	'2017-02-04',	43263.37000000,	1,	NULL,	NULL,	NULL,	NULL,	NULL),
(156,	13,	7,	'2017-02-05',	43263.37000000,	1,	NULL,	NULL,	NULL,	NULL,	NULL),
(157,	14,	8,	'2016-04-03',	39353.16000000,	1,	NULL,	NULL,	NULL,	NULL,	NULL),
(158,	14,	8,	'2016-05-03',	39353.16000000,	1,	NULL,	NULL,	NULL,	NULL,	NULL),
(159,	14,	8,	'2016-06-03',	39353.16000000,	1,	NULL,	NULL,	NULL,	NULL,	NULL),
(160,	14,	8,	'2016-07-03',	39353.16000000,	1,	NULL,	NULL,	NULL,	NULL,	NULL),
(161,	14,	8,	'2016-08-03',	39353.16000000,	1,	NULL,	NULL,	NULL,	NULL,	NULL),
(162,	14,	8,	'2016-09-03',	39353.16000000,	1,	NULL,	NULL,	NULL,	NULL,	NULL),
(163,	14,	8,	'2016-10-03',	39353.16000000,	1,	NULL,	NULL,	NULL,	NULL,	NULL),
(164,	14,	8,	'2016-11-03',	39353.16000000,	1,	NULL,	NULL,	NULL,	NULL,	NULL),
(165,	14,	8,	'2016-12-03',	39353.16000000,	1,	NULL,	NULL,	NULL,	NULL,	NULL),
(166,	14,	8,	'2017-01-03',	39353.16000000,	1,	NULL,	NULL,	NULL,	NULL,	NULL),
(167,	14,	8,	'2017-02-04',	39353.16000000,	1,	NULL,	NULL,	NULL,	NULL,	NULL),
(168,	14,	8,	'2017-02-05',	39353.16000000,	1,	NULL,	NULL,	NULL,	NULL,	NULL),
(169,	15,	9,	'2016-04-03',	30933.58000000,	1,	NULL,	NULL,	NULL,	NULL,	NULL),
(170,	15,	9,	'2016-05-03',	30933.58000000,	1,	NULL,	NULL,	NULL,	NULL,	NULL),
(171,	15,	9,	'2016-06-03',	30933.58000000,	1,	NULL,	NULL,	NULL,	NULL,	NULL),
(172,	15,	9,	'2016-07-03',	30933.58000000,	1,	NULL,	NULL,	NULL,	NULL,	NULL),
(173,	15,	9,	'2016-08-03',	30933.58000000,	1,	NULL,	NULL,	NULL,	NULL,	NULL),
(174,	15,	9,	'2016-09-03',	30933.58000000,	1,	NULL,	NULL,	NULL,	NULL,	NULL),
(175,	15,	9,	'2016-10-03',	30933.58000000,	1,	NULL,	NULL,	NULL,	NULL,	NULL),
(176,	15,	9,	'2016-11-03',	30933.58000000,	1,	NULL,	NULL,	NULL,	NULL,	NULL),
(177,	15,	9,	'2016-12-03',	30933.58000000,	1,	NULL,	NULL,	NULL,	NULL,	NULL),
(178,	15,	9,	'2017-01-03',	30933.58000000,	1,	NULL,	NULL,	NULL,	NULL,	NULL),
(179,	15,	9,	'2017-02-04',	30933.58000000,	1,	NULL,	NULL,	NULL,	NULL,	NULL),
(180,	15,	9,	'2017-02-05',	30933.58000000,	1,	NULL,	NULL,	NULL,	NULL,	NULL);

DROP TABLE IF EXISTS `lov_name`;
CREATE TABLE `lov_name` (
  `lov_id` int(11) NOT NULL,
  `lov_name` varchar(45) NOT NULL,
  `is_active` tinyint(4) DEFAULT NULL,
  PRIMARY KEY (`lov_id`)
) ENGINE=InnoDB DEFAULT CHARSET=latin1;


DROP TABLE IF EXISTS `lov_values`;
CREATE TABLE `lov_values` (
  `lov_value_id` int(11) NOT NULL,
  `lov_id` int(11) NOT NULL,
  `lov_value_sno` int(11) NOT NULL,
  `lov_value` varchar(100) NOT NULL,
  `lov_value_short` varchar(45) DEFAULT NULL,
  `lov_value_desc` varchar(250) DEFAULT NULL,
  `lov_valuescol` varchar(45) DEFAULT NULL,
  PRIMARY KEY (`lov_value_id`)
) ENGINE=InnoDB DEFAULT CHARSET=latin1;


DROP TABLE IF EXISTS `meta_fields`;
CREATE TABLE `meta_fields` (
  `id_meta` int(11) NOT NULL AUTO_INCREMENT,
  `meta_name` varchar(45) DEFAULT NULL COMMENT 'The field name. This name is used to retrieve the display text for the field from locales files',
  `field_type` varchar(45) DEFAULT NULL COMMENT 'Type of field (values)\nText (multiple Texts)\nVarchar\nInt\nDecimal\nDate\nDateTime\n\n',
  `entity_type` varchar(45) DEFAULT NULL COMMENT 'Types of entity:\nLoan\nBorrower\nInvestor\nSystem Settings\n',
  `is_mandatory` int(11) DEFAULT '0' COMMENT 'Whether the field is mandatory or not. Default 0 (not mandatory)',
  `tab_number` int(11) DEFAULT '0' COMMENT 'If there are multiple tabs then the tab number. Default 0',
  `field_number` int(11) DEFAULT NULL COMMENT 'The field position within the tab',
  PRIMARY KEY (`id_meta`)
) ENGINE=InnoDB DEFAULT CHARSET=latin1 COMMENT='Holds the definitions for the Meta Fields used by the entities\nLoans\nBorrowers\nInvestors';


DROP TABLE IF EXISTS `migrations`;
CREATE TABLE `migrations` (
  `migration` varchar(255) COLLATE utf8_unicode_ci NOT NULL,
  `batch` int(11) NOT NULL
) ENGINE=InnoDB DEFAULT CHARSET=utf8 COLLATE=utf8_unicode_ci;

INSERT INTO `migrations` (`migration`, `batch`) VALUES
('2014_10_12_000000_create_users_table',	1),
('2014_10_12_100000_create_password_resets_table',	1);

DROP TABLE IF EXISTS `password_resets`;
CREATE TABLE `password_resets` (
  `email` varchar(255) COLLATE utf8_unicode_ci NOT NULL,
  `token` varchar(255) COLLATE utf8_unicode_ci NOT NULL,
  `created_at` timestamp NOT NULL DEFAULT '0000-00-00 00:00:00',
  KEY `password_resets_email_index` (`email`),
  KEY `password_resets_token_index` (`token`)
) ENGINE=InnoDB DEFAULT CHARSET=utf8 COLLATE=utf8_unicode_ci;


DROP TABLE IF EXISTS `payments`;
CREATE TABLE `payments` (
  `payment_id` int(11) NOT NULL AUTO_INCREMENT,
  `trans_date` date DEFAULT NULL,
  `trans_type` int(11) DEFAULT NULL COMMENT '1 - Investor Deposit\n2 - Borrower Payment\n3 - Borrower Repayment\n4 - Investor Repayment\n',
  `trans_amount` decimal(20,8) DEFAULT NULL,
  `currency` varchar(4) DEFAULT NULL,
  `trans_reference_number` varchar(255) DEFAULT NULL,
  `status` int(11) DEFAULT NULL COMMENT '1 Approved\n2 To be approved\n',
  `remarks` longtext,
  PRIMARY KEY (`payment_id`)
) ENGINE=InnoDB DEFAULT CHARSET=latin1;

INSERT INTO `payments` (`payment_id`, `trans_date`, `trans_type`, `trans_amount`, `currency`, `trans_reference_number`, `status`, `remarks`) VALUES
(1,	'2016-01-01',	1,	144000.00000000,	'SGD',	NULL,	2,	' '),
(2,	'2016-01-01',	1,	240000.00000000,	'SGD',	NULL,	2,	' '),
(3,	'2016-01-01',	1,	168000.00000000,	'SGD',	NULL,	2,	' '),
(4,	'2016-01-01',	1,	216000.00000000,	'SGD',	NULL,	2,	' '),
(5,	'2016-01-01',	1,	192000.00000000,	'SGD',	NULL,	2,	' '),
(6,	'2016-01-01',	1,	384000.00000000,	'SGD',	NULL,	2,	' '),
(7,	'2016-02-02',	1,	288000.00000000,	'SGD',	NULL,	2,	' '),
(8,	'2016-02-05',	1,	192000.00000000,	'SGD',	NULL,	2,	' '),
(9,	'2016-02-05',	1,	144000.00000000,	'SGD',	NULL,	2,	' '),
(10,	'2016-03-01',	1,	168000.00000000,	'SGD',	NULL,	2,	' '),
(11,	'2016-03-01',	1,	86400.00000000,	'SGD',	NULL,	2,	' '),
(12,	'2016-03-01',	1,	96000.00000000,	'SGD',	NULL,	2,	' '),
(13,	'2016-03-01',	1,	480000.00000000,	'SGD',	NULL,	2,	' '),
(14,	'2016-03-01',	1,	432000.00000000,	'SGD',	NULL,	2,	' '),
(15,	'2016-03-01',	1,	336000.00000000,	'SGD',	NULL,	2,	' '),
(16,	'2016-02-03',	2,	13592.72000000,	'SGD',	NULL,	2,	' '),
(17,	'2016-03-03',	2,	13327.00000000,	'SGD',	NULL,	2,	' '),
(18,	'2016-02-03',	2,	21979.00000000,	'SGD',	NULL,	2,	' '),
(19,	'2016-03-03',	2,	21979.00000000,	'SGD',	NULL,	2,	' '),
(20,	'2016-02-03',	2,	15466.00000000,	'SGD',	NULL,	2,	' '),
(21,	'2016-03-03',	2,	15466.00000000,	'SGD',	NULL,	2,	' '),
(22,	'2016-02-03',	2,	19833.44000000,	'SGD',	NULL,	2,	' '),
(23,	'2016-03-03',	2,	19833.44000000,	'SGD',	NULL,	2,	' '),
(24,	'2016-02-03',	2,	17629.72000000,	'SGD',	NULL,	2,	' '),
(25,	'2016-03-03',	2,	17629.72000000,	'SGD',	NULL,	2,	' '),
(26,	'2016-02-03',	2,	34980.59000000,	'SGD',	NULL,	2,	' '),
(27,	'2016-03-03',	2,	34980.59000000,	'SGD',	NULL,	2,	' '),
(28,	'2016-02-03',	2,	25958.02000000,	'SGD',	NULL,	2,	' '),
(29,	'2016-03-03',	2,	25958.02000000,	'SGD',	NULL,	2,	' '),
(30,	'2016-03-03',	2,	17490.30000000,	'SGD',	NULL,	2,	' '),
(31,	'2016-03-03',	2,	13048.26000000,	'SGD',	NULL,	2,	' '),
(36,	'2016-03-31',	2,	17970.04171812,	'SGD',	'0121',	1,	'										Final Submit Approval');

DROP TABLE IF EXISTS `users`;
CREATE TABLE `users` (
  `user_id` int(11) NOT NULL AUTO_INCREMENT,
  `username` varchar(45) DEFAULT NULL,
  `usertype` int(11) DEFAULT NULL COMMENT 'User Type: 1 - Borrower2 - Investor3 - System user',
  `email` varchar(255) DEFAULT NULL,
  `email_verified` int(11) DEFAULT NULL,
  `firstname` varchar(100) DEFAULT NULL,
  `lastname` varchar(100) DEFAULT NULL,
  `nickname` varchar(50) DEFAULT NULL,
  `mobile` varchar(45) DEFAULT NULL,
  `password` varchar(255) DEFAULT NULL,
  `activation` varchar(300) DEFAULT NULL,
  `status` int(11) DEFAULT '2' COMMENT '1 - Active, 2 - Inactive',
  `remember_token` varchar(100) DEFAULT NULL,
  `created_at` timestamp NULL DEFAULT NULL,
  `updated_at` timestamp NULL DEFAULT NULL,
  PRIMARY KEY (`user_id`)
) ENGINE=InnoDB DEFAULT CHARSET=latin1;

INSERT INTO `users` (`user_id`, `username`, `usertype`, `email`, `email_verified`, `firstname`, `lastname`, `nickname`, `mobile`, `password`, `activation`, `status`, `remember_token`, `created_at`, `updated_at`) VALUES
(1,	'sathya',	1,	'sathya@openitworks.in',	1,	'Sathyanarayanan',	'RS',	'Sathya',	NULL,	'$2y$10$h7QJW.7eixKWJa6zz/4Dn.7Df7F2j0ul9tdgKaGQ1eLe5L4eCC6P2',	NULL,	2,	'G21jFwGOKPiCniHdsgyhcxrPPqQkZsYFbeINsNpwcpNuGfxtRFH8s9uFfeyW',	NULL,	'2016-04-01 07:44:40'),
(2,	'admin',	3,	'admin@openitworks.in',	1,	'Admin',	NULL,	'Admin',	NULL,	'$2y$10$h7QJW.7eixKWJa6zz/4Dn.7Df7F2j0ul9tdgKaGQ1eLe5L4eCC6P2',	NULL,	2,	'uhFeP8cbUCegw2rMMZalH1iW4LpUQSwQkN2eV4SsQb02xrztmDuEXset2ALL',	NULL,	'2016-02-20 10:37:42'),
(3,	'venkat',	1,	'sathya@syllogic.in',	1,	'Venkatanarayanan',	'Kunjidapadam',	'venkat',	NULL,	'$2y$10$h7QJW.7eixKWJa6zz/4Dn.7Df7F2j0ul9tdgKaGQ1eLe5L4eCC6P2',	'b5d8872b4df851719f0546eaa595dc6b',	2,	'Y1Ujfn2RR3gWukNv8hkvb70SxLq1erys4Jcz34WSVCSM3MgnLxLkIVlpHyB1',	'2016-02-22 10:48:13',	'2016-03-24 06:43:26'),
(4,	'deepan',	1,	'deepan@syllogic.in',	1,	'Deepan',	'D',	'Deepan',	NULL,	'$2y$10$h7QJW.7eixKWJa6zz/4Dn.7Df7F2j0ul9tdgKaGQ1eLe5L4eCC6P2',	'8293ce160215ecb068357aa8024a18f5',	2,	'zsJUFvF2FggW24dYkqQbq6RbyHXcxPwcFHxXwhB6dBrL5EbVKLyyp3BLoJP0',	'2016-02-22 11:25:53',	'2016-04-01 07:18:16'),
(5,	'jasana',	1,	'jasana_2006@rediffmail.com',	1,	'Jasana',	'Sampath',	'Jasana',	NULL,	'$2y$10$h7QJW.7eixKWJa6zz/4Dn.7Df7F2j0ul9tdgKaGQ1eLe5L4eCC6P2',	'c5245f573a4e607212a4bc7528297fec',	2,	'6HZU1NL0ffcNTnV1OTtHa5shpwARj25GAjgJjSyBTTsbbMePKRv42o604zZT',	'2016-02-22 11:25:53',	'2016-03-28 05:01:25'),
(6,	'username-6',	1,	'user-6@example.com',	1,	'User F Name 6',	'User L Name 6',	'User 6',	NULL,	'$2y$10$QfGBMu9T666T7PF00fA9Ieg40.Gr5URSdIAoZhQfVaX/uovahsuke',	NULL,	2,	'VuHjuS7XQ6lt0K1HJHOEesGOcdGazKq6YU3w4mitDb24axQpcdsOasliGD5G',	'2016-02-22 11:25:53',	'2016-03-22 04:10:15'),
(7,	'username-7',	1,	'user-7@example.com',	1,	'User F Name 7',	'User L Name 7',	'User 7',	NULL,	'$2y$10$h7QJW.7eixKWJa6zz/4Dn.7Df7F2j0ul9tdgKaGQ1eLe5L4eCC6P2',	NULL,	2,	NULL,	'2016-02-22 11:25:53',	'2016-02-24 13:22:44'),
(8,	'username-8',	1,	'user-8@example.com',	1,	'User F Name 8',	'User L Name 8',	'User 8',	NULL,	'$2y$10$h7QJW.7eixKWJa6zz/4Dn.7Df7F2j0ul9tdgKaGQ1eLe5L4eCC6P2',	NULL,	2,	NULL,	'2016-02-22 11:25:53',	'2016-02-24 13:22:44'),
(9,	'username-9',	1,	'user-9@example.com',	1,	'User F Name 9',	'User L Name 9',	'User 9',	NULL,	'$2y$10$h7QJW.7eixKWJa6zz/4Dn.7Df7F2j0ul9tdgKaGQ1eLe5L4eCC6P2',	NULL,	2,	NULL,	'2016-02-22 11:25:53',	'2016-02-24 13:22:44'),
(10,	'johntravolda',	1,	'john.travolda@gmail.com',	1,	'John',	'Travolda',	'John Travolda',	NULL,	'$2y$10$h7QJW.7eixKWJa6zz/4Dn.7Df7F2j0ul9tdgKaGQ1eLe5L4eCC6P2',	NULL,	2,	NULL,	NULL,	'2016-02-24 13:22:13'),
(11,	'clinteastwood',	1,	'clint.eastwood@gmail.com',	1,	'Clint',	'Eastwood',	'Clint Eastwood',	NULL,	'$2y$10$h7QJW.7eixKWJa6zz/4Dn.7Df7F2j0ul9tdgKaGQ1eLe5L4eCC6P2',	NULL,	2,	NULL,	NULL,	'2016-02-24 13:22:13'),
(12,	'Arvind Rakshan',	1,	'arvind.rakshan@gmail.com',	1,	'Arvind',	'Rakshan',	'Arvind R',	NULL,	'$2y$10$h7QJW.7eixKWJa6zz/4Dn.7Df7F2j0ul9tdgKaGQ1eLe5L4eCC6P2',	NULL,	2,	NULL,	NULL,	'2016-02-24 13:22:13'),
(13,	'Sababathi K',	1,	'sababathi.k@gmail.com',	1,	'Sababathi',	'Kunjidapadam',	'Sababathi',	NULL,	'$2y$10$h7QJW.7eixKWJa6zz/4Dn.7Df7F2j0ul9tdgKaGQ1eLe5L4eCC6P2',	NULL,	2,	NULL,	NULL,	'2016-02-24 13:22:13'),
(14,	'Angelina Jolie',	1,	'anjelina.jolie@gmail.com',	1,	'Angelina',	'Jolie',	'Angie Joe',	NULL,	'$2y$10$h7QJW.7eixKWJa6zz/4Dn.7Df7F2j0ul9tdgKaGQ1eLe5L4eCC6P2',	NULL,	2,	NULL,	NULL,	'2016-02-24 13:22:13'),
(15,	'username-15',	1,	'user-15@example.com',	1,	'User F Name 15',	'User L Name 15',	'User 15',	NULL,	'$2y$10$h7QJW.7eixKWJa6zz/4Dn.7Df7F2j0ul9tdgKaGQ1eLe5L4eCC6P2',	NULL,	2,	NULL,	'2016-02-22 11:25:53',	'2016-02-24 13:22:44'),
(16,	'username-16',	1,	'user-16@example.com',	1,	'User F Name 16',	'User L Name 16',	'User 16',	NULL,	'$2y$10$h7QJW.7eixKWJa6zz/4Dn.7Df7F2j0ul9tdgKaGQ1eLe5L4eCC6P2',	NULL,	2,	'TPHDNleJn7IqGHfORGJmifPUJbi1F6UQKvokXza1DIERDF353914Pl5uD9T6',	'2016-02-22 11:25:53',	'2016-03-15 11:31:41'),
(17,	'harshaan',	2,	'harshaan@gmail.com',	1,	'Harshaan',	'S J',	'User 17',	'9087697479',	'$2y$10$h7QJW.7eixKWJa6zz/4Dn.7Df7F2j0ul9tdgKaGQ1eLe5L4eCC6P2',	NULL,	2,	'EZiFNYA1Kow4c6HEdbpcRmrmjCS1Kcwng92rkfP9OLuPfNziPi4nOZZVGFpu',	'2016-02-22 11:25:53',	'2016-04-01 09:46:35'),
(18,	'username-18',	2,	'user-18@example.com',	1,	'User F Name 18',	'User L Name 18',	'User 18',	NULL,	'$2y$10$h7QJW.7eixKWJa6zz/4Dn.7Df7F2j0ul9tdgKaGQ1eLe5L4eCC6P2',	NULL,	2,	'95hvP4HKuW83SfHH6xXrX3BDbGMGBO0UP7IoXmzXZSpdHSZEYGPDUK8vLSad',	'2016-02-22 11:25:53',	'2016-03-23 06:32:45'),
(19,	'username-19',	2,	'user-19@example.com',	1,	'User F Name 19',	'User L Name 19',	'User 19',	NULL,	'$2y$10$h7QJW.7eixKWJa6zz/4Dn.7Df7F2j0ul9tdgKaGQ1eLe5L4eCC6P2',	NULL,	2,	NULL,	'2016-02-22 11:25:53',	'2016-02-24 13:22:44'),
(20,	'username-20',	2,	'user-20@example.com',	1,	'User F Name 20',	'User L Name 20',	'User 20',	NULL,	'$2y$10$h7QJW.7eixKWJa6zz/4Dn.7Df7F2j0ul9tdgKaGQ1eLe5L4eCC6P2',	NULL,	2,	NULL,	'2016-02-22 11:25:53',	'2016-02-24 13:22:44'),
(21,	'username-21',	2,	'user-21@example.com',	NULL,	'User F Name 21',	'User L Name 21',	'User 21',	NULL,	'$2y$10$Wq6G9MddAVy5kXBtxZNwT.vfb/AwOqrEw1cBgaaMazxOoMS/pGgKu',	NULL,	2,	NULL,	NULL,	NULL),
(22,	'username-22',	2,	'user-22@example.com',	NULL,	'User F Name 22',	'User L Name 22',	'User 22',	NULL,	'$2y$10$Wq6G9MddAVy5kXBtxZNwT.vfb/AwOqrEw1cBgaaMazxOoMS/pGgKu',	NULL,	2,	NULL,	NULL,	NULL),
(23,	'username-23',	2,	'user-23@example.com',	NULL,	'User F Name 23',	'User L Name 23',	'User 23',	NULL,	'$2y$10$Wq6G9MddAVy5kXBtxZNwT.vfb/AwOqrEw1cBgaaMazxOoMS/pGgKu',	NULL,	2,	NULL,	NULL,	NULL),
(24,	'username-24',	2,	'user-24@example.com',	NULL,	'User F Name 24',	'User L Name 24',	'User 24',	NULL,	'$2y$10$Wq6G9MddAVy5kXBtxZNwT.vfb/AwOqrEw1cBgaaMazxOoMS/pGgKu',	NULL,	2,	NULL,	NULL,	NULL),
(25,	'username-25',	2,	'user-25@example.com',	NULL,	'User F Name 25',	'User L Name 25',	'User 25',	NULL,	'$2y$10$Wq6G9MddAVy5kXBtxZNwT.vfb/AwOqrEw1cBgaaMazxOoMS/pGgKu',	NULL,	2,	NULL,	NULL,	NULL),
(26,	'username-26',	2,	'user-26@example.com',	NULL,	'User F Name 26',	'User L Name 26',	'User 26',	NULL,	'$2y$10$Wq6G9MddAVy5kXBtxZNwT.vfb/AwOqrEw1cBgaaMazxOoMS/pGgKu',	NULL,	2,	NULL,	NULL,	NULL),
(27,	'username-27',	2,	'user-27@example.com',	NULL,	'User F Name 27',	'User L Name 27',	'User 27',	NULL,	'$2y$10$Wq6G9MddAVy5kXBtxZNwT.vfb/AwOqrEw1cBgaaMazxOoMS/pGgKu',	NULL,	2,	NULL,	NULL,	NULL),
(28,	'username-28',	2,	'user-28@example.com',	NULL,	'User F Name 28',	'User L Name 28',	'User 28',	NULL,	'$2y$10$Wq6G9MddAVy5kXBtxZNwT.vfb/AwOqrEw1cBgaaMazxOoMS/pGgKu',	NULL,	2,	NULL,	NULL,	NULL),
(29,	'username-29',	2,	'user-29@example.com',	NULL,	'User F Name 29',	'User L Name 29',	'User 29',	NULL,	'$2y$10$Wq6G9MddAVy5kXBtxZNwT.vfb/AwOqrEw1cBgaaMazxOoMS/pGgKu',	NULL,	2,	NULL,	NULL,	NULL),
(30,	'username-30',	2,	'user-30@example.com',	NULL,	'User F Name 30',	'User L Name 30',	'User 30',	NULL,	'$2y$10$Wq6G9MddAVy5kXBtxZNwT.vfb/AwOqrEw1cBgaaMazxOoMS/pGgKu',	NULL,	2,	NULL,	NULL,	NULL),
(31,	'Venkat Krishnan',	2,	'vn.krishnan@gmail.com',	1,	'Venkatanarayanan',	'Krishnan',	NULL,	'09940066327',	'$2y$10$Wq6G9MddAVy5kXBtxZNwT.vfb/AwOqrEw1cBgaaMazxOoMS/pGgKu',	'fb66f0748dc57b53f96ce405be3b360f',	2,	'Q0IOjzhmvCzzNNBnDCNcEUSNUBqSI3iRWIkzyi4UF8sQvfqb2i8KQ3XjM7s9',	'2016-03-31 04:28:26',	'2016-03-31 04:42:35'),
(32,	'user',	1,	'venkat@openitworks.in',	1,	NULL,	NULL,	NULL,	NULL,	'$2y$10$4zT.pDD5WyFyY4c9/Xh7ieaIcE1Iu.GmPoXflmygsbRVy2cdMlB2C',	'cf598bf60261f189a4ae089aba7e12e2',	2,	NULL,	'2016-03-31 04:43:08',	NULL),
(34,	'User34',	2,	'sathya.openitworks@gmail.com',	1,	NULL,	NULL,	NULL,	NULL,	'$2y$10$2r/SA2xSQU5xhBzf6/hmEO4Z3YOSfSQKjw1L2tgB3Cf6AndJxeYlq',	'ddf674cf575bd1f311813b3f7e5537e2',	2,	'mkLRGhYZWMk1oG2A2tYVScntcsglK1vw8rQxXnTCVSZXb9XNgsIEn6f6I9gP',	'2016-03-31 09:48:22',	'2016-04-01 07:18:09'),
(36,	'User36',	1,	'sathya.syllogic@gmail.com',	1,	NULL,	NULL,	NULL,	NULL,	'$2y$10$RwkY4wJRztwYNXKOpxJ/0OhrnEL0Ojj3AcNqQsfgPJFzTL7S8RVVG',	'24b7dc385004d4a223c51ab8f58ab28d',	2,	'PCrt3CBqTm5sUqqtdiPl9MBAN1d9ORlInYUvoIUCuubIESY8UlcjY9mzMh7v',	'2016-04-01 05:57:53',	'2016-04-01 06:01:29');

DROP TABLE IF EXISTS `user_challenges`;
CREATE TABLE `user_challenges` (
  `user_id` int(11) NOT NULL,
  `challenge_id` int(11) NOT NULL,
  `challenge_answer` varchar(100) DEFAULT NULL,
  PRIMARY KEY (`user_id`,`challenge_id`)
) ENGINE=InnoDB DEFAULT CHARSET=latin1;

INSERT INTO `user_challenges` (`user_id`, `challenge_id`, `challenge_answer`) VALUES
(36,	1,	'Chennai');

-- 2016-04-01 13:27:34
